Conservative	"8월 전당대회를 앞두고 있는 더불어민주당에서 이재명 의원의 출마 여부를 두고 갑론을박이 이어지고 있다. 6 1 지방선거 패배 책임론이 대두된 이 의원이 전당대회에 출마해서는 안 된다는 주장과, ‘책임 정치’ 차원에서 그가 나서야 한다는 주장이 맞서고 있다. 이 의원은 당대표 도전 여부에 대해 이렇다 할 입장을 내놓지 않고 있다. 
 
민주당 우상호 의원.."
Liberal	"북부 ‘특별자치도’ 추진 강한 의지
여야도 ‘경기북도 설치’ 법률안 발의
선거 때만 반짝, 이번엔 성사 주목



6 1 지방선거 이후 경기도를 남과 북으로 나눠 두 개의 지방정부로 개편하자는 경기분도론이 급부상하고 있다. 경기분도론은 선거 때면 ‘반짝’ 나타났다가 슬그머니 사라지기를 수십년 동안 반복했지만 이번에는 다른 분위기다. 무엇보다도 오는 7월.."
Conservative	"지방선거 패배로 혼란에 빠진 더불어민주당이 이재명 상임고문의 전당대회 출마 여부를 놓고 의견이 엇갈리고 있다. 이러한 가운데 친문(친문재인) 핵심으로 분류되는 김종민 더불어민주당 의원은 당에 필요한 것은 혁신과 통합이라고 강조했다. 
 
 
 그는 단순한 지방선거, 대선 반성이 아닌 문재인 정부 5년 전체에 대한 통찰이라고 말했다. 그러면서 김 의원은 .."
Conservative	"이른바 ‘윤핵관(윤석열 핵심 관계자)’들이 강한 의지를 갖고 이준석 국민의힘 대표를 밀어내기 위한 명분 쌓기에 들어갔다는 분석이 나온다. 
 
 정치평론가인 장성철 대구 가톨릭대 특임교수는 6일 MBC라디오 ‘표창원의 뉴스 하이킥’에 출연해 이준석 대표를 겨냥한 최근 정진석 전 국회부의장 비판에 대해 “윤핵관이 윤리위원회를 통해 어느 정도 경고해줘야 하.."
Liberal	"2025년 시행 차기 교육감들 “예정대로” “유예” 엇갈려
교육부, 큰 틀 유지 속 ‘2022 개정 교육과정’ 변수 가능성



다음달 임기를 시작하는 시 도 교육감 당선인들이 고교학점제를 두고 서로 다른 시각을 보이고 있어 향후 추진 방향에 관심이 쏠린다. 차기 교육감 17명 중 10명은 예정대로 2025년 고교학점제 전면 시행이 가능하다고 여기는 반.."
Liberal	"‘싱크탱크’ 표방 세 결집 나서
권성동 안철수 나경원 등
유력 주자 경쟁 불붙을 듯



국민의힘 유력 당권주자들이 공부모임, 포럼 등을 조직하고 있다. 내년 전당대회를 앞두고 당권 물밑 작업에 들어간 것이라는 해석이 나온다. 6 1 지방선거가 끝남과 동시에 당권 경쟁에 불이 붙고 있다.

김기현 의원(사진)은 6일 ‘윤석열 정부의 성공을 뒷받침하는 당.."
Liberal	"정 전 부의장 “자기 정치하려 우크라행, 보통 문제 아냐” 비판
권 원내대표 “혁신위는 성급” 기자간담회서 책임 언급 가세
이 대표는 SNS로 반격 당내 ‘윤핵관’ 그룹과 내분 악화일로



정진석 국민의힘 의원(전 국회부의장)이 6일 이준석 대표를 공개 저격했다. 6 1 지방선거 직후 이 대표가 혁신위원회를 출범하고 우크라이나를 방문한 것을 ‘자기 정.."
Liberal	"혁신 작업인 선거 평가부터
전당대회 준비 규칙 변경 등
계파 문제 해소와 맞물려



대선과 지방선거 패배를 수습하고 8월 전당대회를 관리할 더불어민주당 혁신형 비상대책위원회의 최대 과제는 ‘계파 갈등’ 조정이 될 것으로 전망된다. 선거 패배 평가뿐 아니라 전당대회 준비도 계파 간 이해관계가 충돌할 소지가 크기 때문이다. 이에 따라 비대위원장은 무계파에.."
Liberal	"북한의 단거리탄도미사일 8발 발사에 맞대응



6일 오전 4시45분부터 약 10분간 동해상으로 공동 사격
합참 “도발 원점 지휘세력 즉각 정밀 타격 능력 보여줘”

한 미 양국은 6일 북한의 단거리탄도미사일(SRBM) 8발 도발에 비례해 지대지미사일 8발을 공동으로 대응 사격했다. 합동참모본부는 이날 오전 4시45분부터 약 10분간 전날 북한의 SRB.."
Liberal	"“안전운임 일몰제 폐지” 요구
경유값 꾸준한 상승도 원인



민주노총 공공운수노조 화물연대본부가 화물차 안전운임 일몰제 폐지 및 확대 등을 요구하며 7일 0시를 기점으로 총파업에 돌입한다고 6일 밝혔다. 윤석열 대통령 취임 후 약 한 달 만에 예고된 첫 대규모 파업으로, 새 정부의 노동정책이 시험대에 오를 것으로 전망된다.

화물연대는 이날 오후 입장.."
Liberal	"제67회 현충일 추념사



북 미사일 발사에 ‘강경 대응’ 강조
원칙적 수준 ‘협력 메시지’도 없어
이전 보수 대통령들 발언과도 차이
한 미, 지대지미사일 8발로 맞대응

윤석열 대통령은 6일 취임 후 첫 현충일 추념사에서 북한 도발에 대한 엄정한 대처를 강조했다. 대화와 협력을 해법으로 제시하는 메시지는 포함하지 않았다. 앞선 보수 정부가 대북 정책.."
Liberal	"3 선 의원으로 국회에 재입성한 안철수 국민의힘 의원 !

차기 당권 도전에 대한 질문에 “ 빠른 시간 내에 정리해서 답변드리겠다 ” 라고 했는데 ...

과연 안 의원은 국민의힘의 당권을 접수할 수 있을까요 ? 

아니 그보다 현재 당의 주류인 ‘ 윤핵관 ’ 들이 이를 용인할까요 ? 

( 이준석 국민의힘 당대표의 임기가 아직 1 년여 남았는데 ....."
Conservative	"6 1 지방선거 패배 이후 민주당 내에서 ‘이재명 책임론’이 연일 터져나오고 있는 가운데, 531표차로 파주시장에 당선된 민주당 소속 김경일 당선인이 “이재명의 지원유세 효과는 분명했다”며 이재명 의원에 힘을 실어줬다. 
 
김 당선인은 6일 페이스북에 파주 유세현장에서 이 의원과 찍은 사진 여러 장을 올린 뒤 “이재명 총괄선대위원장님 감사합니다”라는 .."
Conservative	"김은혜 전 국민의힘 경기도지사 후보가 6일 과로로 쓰러져 병원에서 치료를 받고 있다.
 
 
 김 전 후보 측 관계자에 따르면 김 전 후보는 이날 오전 낙선 인사를 준비하던 중 탈진으로 쓰러져 경기 분당시 한 병원의 응급실로 옮겨졌다. 
 
 김 전 후보는 해당 병원에 입원해 검사를 받고 안정을 취하고 있는 것으로 알려졌다. 
 
 김 전 후보는 전날 .."
Liberal	윤석열 정부가 대통령실의 서울 용산 이전에 따라 주한미군 잔류기지 예정지에 대한 이전 협상에 나선 것으로 확인됐다. 경향신문 보도에 따르면, 한 미 정부는 2020년 당시 국방부 청사(현 대통령실)에 인접한 드래곤 힐 호텔 일대 부지에 주한미군 잔류기지를 건설하기로 합의했다. 이 기지는 2024년 착공해 2026년 완공될 계획이었다. 그런데 윤 대통령이..
Conservative	"박순애 사회부총리 겸 교육부 장관 후보자가 운전면허 취소 기준을 크게 웃도는 만취 상태로 음주운전을 했던 것으로 나타나며 교육계에선 비판의 목소리가 나온다. 일반 교사에게도 높은 도덕성을 요구하면서 음주 운전 전력이 있는 교육계 수장을 앉힐 수 있냐는 반응이다. 박 후보자가 같은 논문을 여러 개의 학술지에 중복 게재했다는 의혹도 제기되고 있다.
 
 
.."
Conservative	"웬디 셔먼 미국 국무부 부장관이 6일 한국에 입국했다.
 
 
 주한 미국 대사관은 이날 오후 공식 SNS에 셔먼 부장관 입국 사진을 게재하며 “한국을 다시 찾은 웬디 셔먼 미 국무부 부장관을 환영한다”며 입국 사실을 밝혔다. 
 
 대사관은 “셔먼 부장관은 방한 기간 미, 한, 일 관계자들과 함께 북한 문제를 비롯한 현안을 논의하고 여성 기업가들 및 .."
Conservative	"북한이 함경북도 길주군 풍계리 핵실험장에서 갱도 한 곳을 다시 여는 등 7차 핵실험을 준비하는 징후가 포착됐다고 라파엘 그로시 국제원자력기구(IAEA) 사무총장이 6일 밝혔다. 
 
 ━
 IAEA ""풍계리 갱도 재개방"" 
 로이터통신에 따르면 그로시 총장은 이날 오스트리이 빈에서 열린 분기 이사회에서 ""2018년 북한이 폐쇄를 선언했던 풍계리 핵실험장.."
Conservative	"전국민주노동조합총연맹 공공운수노조 화물연대본부가 예고한 대로 7일부터 총파업을 시작한다. 새 정부 출범 후 첫 대규모 파업인 이번 파업에 대한 대응이 향후 5년간 이어질 노정(勞政) 관계의 ‘가늠자’가 될 것이란 평가가 나온다. 
 
 화물연대는 7일 오전 경기 의왕 내륙컨테이너기지(ICD), 부산 신항, 전남 광양항 등 전국 16곳에서 총파업 출정식을.."
Liberal	"북한이 미사일 8발을 쏜 다음날인 6일 한국과 미국이 미사일 8발을 쏘았다. 윤석열 대통령은 현충일 추념사에서 “우리 정부는 북한의 어떠한 도발에도 단호하고 엄정하게 대처할 것”이라고 말했다. 남북의 무력 대응이 맞물리면서 한반도 정세가 2017년처럼 ‘강 대 강’ 대치 국면으로 접어들 가능성이 커지고 있다. 

합동참모본부(합참)는 6일 “한국과 미국.."
Conservative	"정부가 이사, 상속 등으로 ‘일시적 2주택자’가 되면 종합부동산세(종부세)를 계산할 때 1주택자와 같은 혜택을 주는 방안을 검토 중이다. 불가피하게 2주택자가 된 이들에게 낮은 세율과 각종 공제를 적용해 억울한 세금 부담을 줄이겠다는 취지다. 집을 상속받아 2주택자가 된 이들은 아예 영구적으로 1주택자로 인정해 세금을 줄여주는 방안도 거론된다. 
 
 .."
Conservative	"국민의힘 권성동 원내대표는 6일 국회 원 구성이 지연되면서 인사 청문 기한을 넘긴 김창기 국세청장 후보자에 대해 “충분히 청문회를 할 시간적 여유가 있었는데 야당이 거부했다”며 “불가피하게 임명해야 하는 것 아닌가 생각한다”고 했다. 
 
권 원내대표는 이날 기자 간담회에서 박순애 교육 김승희 보건복지부 장관 후보자, 김승겸 합참의장 후보자에 대해선 “.."
Liberal	국민의힘 ‘친윤석열계(친윤)’ 핵심인 권성동 원내대표와 정진석 의원이 6일 이준석 당대표의 혁신위원회 설치와 우크라이나 방문 등을 공개적으로 비판하고, 이 대표는 “어차피 기차는 간다”고 반격했다. 6 1 지방선거 승리 이후 국민의힘의 관심이 2024년 총선 공천권을 쥐게 될 차기 당대표 선거에 쏠려가는 가운데, 여당 내부에서 이 대표와 친윤 사이의 권..
Conservative	"윤석열 대통령이 이르면 20일부터 서울 용산 대통령실 청사 2층에 마련 중인 주(主)집무실에서 집무를 볼 것으로 알려졌다. 기존 국방부 청사를 대통령실 청사로 탈바꿈하면서 진행한 리모델링이 막바지 단계에 들어간 것이다. 공간 부족으로 정부서울청사에서 근무해 온 대통령실 관계자들의 용산 합류도 앞당겨진 것으로 전해졌다. 
 
 대통령실 관계자는 6일 동아.."
Liberal	"라파엘 그로시 국제원자력기구(IAEA) 사무총장은 6일(현지시간) 북한이 함경북도 길주군 풍계리에서 핵실험을 준비하는 것으로 보이는 징후를 포착했다고 말했다.

그로시 사무총장은 이날 오스트리아 빈에서 열린 IAEA 이사회에서 “풍계리 핵실험장의 갱도 중 하나가 재개방된 징후를 관찰했다”며 “이는 핵실험을 위반 준비일 가능성이 있다”고 말했다. 그로시 .."
Liberal	"국제원자력기구(IAEA) 사무총장이 북한 풍계리에서 핵실험 준비일 수 있는 징후를 포착했다고 밝혔다.

라파엘 그로시 국제원자력기구 사무총장은 6일 오스트리아 빈에서 열린 이사회에서 “우리(국제원자력기구)는 (함경북도 길주군에 있는) 풍계리 핵실험장의 갱도 중 하나가 재개방된 징후를 관찰했다”며 “핵실험을 위한 준비일 수 있다”고 말했다. 그는 영변의 .."
Liberal	"정부가 용산 대통령실에 인접한 미군 용산기지 드래곤힐 호텔 부지를 돌려받고 대체 부지로 이전하는 방안을 미군과 협상 중이다. 이 부지는 한 미 정부가 2020년 주한미군 잔류기지를 건설하기로 합의한 곳인데, 윤석열 정부가 대통령 집무실을 용산으로 이전하면서 집무실과 미군 시설이 맞닿는 상황이 벌어진 데 따른 것이다.

대통령실 관계자는 6일 기자들에게 .."
Conservative	"친문(친문재인) 핵심으로 꼽히는 김종민 더불어민주당 의원은 “문재인 전 대통령만 믿다가, 결국 국민들로부터 멀어지게 됐다”고 반성했다. 
 
김 의원은 6일 JTBC 방송에 출연해 대선에 이어 지방선거까지 패배한 민주당에는 현재 ‘자기반성’이 필요한 시점이라고 했다. 
 
먼저 김 의원은 이재명 인천계양을 의원과 그의 측근들의 반성을 촉구했다. 김 의원.."
Liberal	"21대 후반기 국회 공백 상황에서 여야가 국회 법제사법위원장 자리를 놓고 팽팽한 기싸움을 이어갔다. 더불어민주당이 ‘국회의장을 우선 선출하자’고 하자 국민의힘은 ‘민주당이 법사위원장 가져가고 국회의장 내놓을 거냐’며 맞불을 놨다. 

권성동 국민의힘 원내대표는 6일 기자간담회에서 “(민주당이) 법사위원장 하고 싶으면 (국회)의장을 돌려줄 건지 되묻고 싶.."
Liberal	"6일 2박3일 일정으로 한국을 찾은 웬디 셔먼 부장관이 오는 7일 성소수자 인권 운동가들을 만난다.

이날 임태훈 군인권센터 소장은 자신의 페이스북을 통해 “웬디 셔먼 미국 국무부 부장관과의 간담회에 초청받았다”며 “간담회는 ‘국내 성소수자 인권 및 차별금지 보호’를 주제로 서울 중구 정동 미국대사관저에서 7일 오전 진행된다. 간담회에 앞서 약 15분 .."
Liberal	"더불어민주당이 6 1 지방선거 참패의 책임 공방으로 소란스럽다. 대선에 이어 지방선거까지 국민의 심판을 받은 만큼, 원인을 냉정히 진단하고 해법을 찾는 것은 당연한 수순이다. 다만 이 과정이 초기부터 친문재인계(친문)와 친이재명계(친명) 간의 패권 다툼으로 변질되는 듯한 모습은 우려스럽다.

현재 친문과 친명 양쪽은 ‘이재명 책임론’을 놓고 파상공세를 .."
Conservative	"문재인 전 대통령이 지난달 10일 양산 사저로 낙향한 후 트위터 활동을 활발히 하고 있는 가운데 최근 문 전 대통령 지지자들 사이에서는 문 전 대통령의 트위터를 팔로우 했다가 언팔로우(팔로우를 끊는 행위)를 하는 일이 빈번하게 벌어지고 있다. 이유는 문 전 대통령과 맞팔을 하기 위해서다. 
 
최근 온라인 커뮤니티, 트위터 등에는 문 전 대통령과 ‘맞팔.."
Liberal	"최근 경제단체들을 중심으로 이어진 이재용 삼성전자 부회장 ‘사면론’에 이찬희 제2기 삼성 준법감시위원회 위원장이 가세했다. 이유도 부적절하지만, 삼성이 법적 의무를 제대로 준수하는지 감시하는 게 역할인 기구의 위원장 발언이란 점에서 온당치 않다.

이찬희 위원장은 지난 3일 삼성 관계사 최고경영진과 간담회를 마친 뒤 기자들과 만나 “삼성의 최고경영진이 .."
Liberal	"[왜냐면] 백범흠 | 연세대 겸임교수 전 주프랑크푸르트 총영사

1989년 11월 견고한 베를린 장벽이, 몰려든 동베를린 시민들에 의해 무너졌다. 이듬해인 1990년 초 서독이 경제난에 처한 소련에 원조를 제공하면서 동 서독과 미국, 소련, 영국, 프랑스가 참가한 ‘2+4 회의’가 열렸다. 1990년 8월 말 통일조약이 체결되고, 9월 2+4 회의의 승.."
Liberal	"[숨&결] 방혜린 | 전 군인권센터 활동가 예비역 대위

얼마 전 김건희 여사 온라인 팬클럽 카페에 윤석열 대통령 자택 테러 예고 글을 남긴 10대 남성이 협박 등의 혐의로 지난 4일 검거되었는데, 그는 경찰에서 윤 대통령의 ‘병사 월급 200만원 공약’이 지켜지지 않아서 불만을 품고 썼다고 진술했다. 그는 문제가 된 글에서 ‘군대 월급 200만원 준다.."
Liberal	"[편집국에서] 정은주 | 콘텐츠총괄

세월호 진상규명이 또다시 갈림길에 섰습니다.

오는 10일 활동을 마무리하는 사회적참사특별조사위원회(사참위) 전원위원회(위원장 문호승)가 세월호 침몰 원인을 조사한 진상규명국(조사국)과 조사결과보고서 채택을 두고 격론을 벌이고 있습니다. 이 조사결과보고서는 “세월호 운항 중 외력이 가해져 핀안정기(좌우 균형을 잡아주.."
Liberal	"[왜냐면] 김영일 | 남북투자기업협의회 회장 효원물산 회장

지난 1991년 우리 회사는 일본산 티브이와 비디오 각 750대를 북한에 보내고, 북한산 냉동 명태 1000톤을 받았다. 남북 최초로 이뤄진 ‘물물교환 거래’였다. 하지만 당시 정부 쪽 미움을 산 탓인지 북한산 냉동 명태는 마산세관에서 6개월간 발이 묶였다. 그 때문에 10억원(현재 가치로 8.."
Liberal	"한국과 미국은 6일 북한이 전날 단거리탄도미사일 8발을 쏜 데 대응해 미사일 8발을 발사했다. 국제원자력기구(IAEA)는 6일(현지시각) 함경북도 길주군 풍계리에서 북한의 7차 핵실험 준비로 보이는 징후를 포착했다고 밝혔다. 한반도 정세가 ‘강 대 강’ 대결의 악순환으로 급속히 빠져들고 있어 우려스럽다.

 앞서 북한은 5일 4곳에서 미사일 8발을 발사.."
Conservative	정부는 종합부동산세와 함께 법인세, 상속 증여세도 납세자 부담 완화를 추진한다. 6일 기획재정부 고위 관계자는 “큰 방향에서 (법인세 최고 세율) 인하가 필요하다”며 “구체적 숫자는 의견 수렴을 거쳐 (7월 말) 세법 개정안 때 발표될 것이다”라고 말했다. 문재인 정부가 높인 법인세 최고 세율(25%)을 이전 상태(22%)로 낮추는 방안이 유력하게 검토..
Liberal	"지방선거 뒤 내홍에 휩싸인 더불어민주당이 임시 비상대책위원회를 꾸려 선거결과 평가와 전당대회 준비를 하기로 한 가운데, 임시 비대위의 성격을 두고도 당내에서 설왕설래가 이어지고 있다. 

박홍근 당대표 직무대행 겸 원내대표는 6일 시 도당위원장 및 원외 지역위원장들과 잇따라 회의를 열고 당의 쇄신 방향을 논의했다. 회의 뒤 신현영 대변인은 “선거 결과에.."
Liberal	"7일부터 무기한 파업을 시작하는 민주노총 전국공공운수사회서비스노동조합 화물연대본부(화물연대)의 핵심 요구는 ‘안전운임제’ 일몰조항 폐지와 적용 품목 확대다. 화물연대는 도로 위의 안전과 화물노동자의 생계유지를 위해 안전운임제가 반드시 필요하다고 주장한다. 

안전운임제는 화물기사들의 적정임금 보장을 통해 과로 과적 과속을 막자는 취지로 2018년 4월 .."
Conservative	"“대통령 집무실 이름이 뭐가 중요하겠어요. 이름이 뭐로 결정되든, 일만 잘 해 주면 좋겠어요.” 
 직장인 유모(25)씨는 서울 용산 대통령 청사를 부를 새 명칭 투표를 두고 이렇게 말했다. 대통령실의 이름이나 외피보다 실제로 국민에게 도움 되는 정책을 만들지가 더 중요하다는 거다. 유씨는 “태어나고 지금까지 대통령 집무실 이름이 계속 청와대였어요. 새.."
Conservative	대선과 지방선거를 연이어 승리한 국민의힘에서 조직위원장 자리를 놓고 잡음이 커지고 있다. 중앙당에서 임명한 조직위원장은 국회의원 지역구마다 설치된 당협위원회의 공식 선출을 거쳐 당협위원장이 된다. 과거 지구당위원장과 같은 역할을 하는 당협위원장은 해당 지역의 기초단체장 지방의원 공천권을 행사한다. 뿐만 아니라, 총선 때 국회의원 후보로 공천받을 가능성이..
Conservative	‘워터게이트’ 특종 보도로 1974년 리처드 닉슨 전 미국 대통령의 사임을 이끌었던 밥 우드워드와 칼 번스타인 기자가 워싱턴포스트(WP) 기고문을 통해 “도널드 트럼프 전 대통령은 전례 없는 공개 협박으로 선거 제도를 파괴하려 한 미국 역사상 최초의 ‘폭동을 선동한(seditious)’ 대통령”이라고 비판했다. 미국에선 오는 9일(현지시간) 지난해 1월..
Conservative	"박지원 전 국정원장이 더불어민주당 비상대책위원회는 실용적으로 구성되어야 한다고 말했다.
 
 
 박 전 원장은 6일 국정원장 퇴임 후 처음으로 광주를 방문, 기자들과 만나 민주당 비대위의 총사퇴와 관련된 역할론 질문에 “더불어민주당 비상대책위원회는 노년,장년,청년의 조화를 이루면서 실용적으로 구성돼야 한다”면서 “2선에서 적극 돕겠다”고 밝혔다. 
 
.."
Conservative	"박지원 전 국정원장이 6일 더불어민주당 복당 의사를 밝히면서 “민주당 비상대책위원회 구성을 2선에서 적극 돕겠다”고 했다. 
 
박 전 원장은 이날 퇴임 후 처음 광주를 찾은 자리에서 기자들과 만나 “민주당 비대위는 노장청의 조화를 이루면서 실용적으로 구성돼야 한다”며 이렇게 말했다. 
 
그러면서 “새로운 비대위는 민생 경제에 대한 대안을, 브레이크 .."
Liberal	전국민주노동조합총연맹 화물연대본부(화물연대)가 7일부터 무기한 파업을 앞둔 가운데 정부가 ‘엄정 대응’ 방침을 고수했다. 참가자들이 다른 화물차량의 통행을 방해할 경우 운전면허 취소 등 ‘무관용 원칙’으로 대응하고, 군 차량 등을 동원한 수송대책으로 파업 영향을 줄이겠다는 것이다. 정부와 화물연대가 지난 2일 이후 추가적인 협상 일정을 잡지 않고 있어 ..
Conservative	보리스 존슨 총리의 '파티게이트'에 대해 책임을 묻는 불신임 투표가 6일(현지시간) 보수당 내에서 치러질 것이라고 로이터 통신과 BBC 등이 이날 보도했다. 파티게이트는 코로나19로 봉쇄 정책을 시행 중인 2020년 총리실 소속 직원들이 벌인 파티에 총리가 참석하면서 불거졌다. 이밖에도 총리는 최근 경기 침체와 연료 식품 가격 상승으로 인한 인플레이션,..
Liberal	화물연대가 7일 자정 총파업에 돌입하기로 하면서 출범 한달을 앞둔 윤석열 정부의 노동 현안 대응 역량이 시험대에 올랐다. 대통령실, 국무총리, 국토교통부 모두 정책적 해결 노력에 앞서 ‘불법행위 엄정대응’ 기조부터 분명히 하면서 노동계와의 강대강 출발이 불가피할 전망이다. 경찰 역시 현행범 체포 등 강경대응을 예고하면서 2만5000명 이상이 참여할 총파..
Conservative	대선에 이어 지방선거까지 연달아 승리한 국민의힘 내부에서 권력투쟁의 조짐이 나타나고 있다. 윤석열 대통령과 가까운 사이인 정진석 의원은 6일 페이스북에 “이준석 대표의 우크라이나 방문에 대통령실 관계자들은 난색을 표했었다. 이 대표의 우크라이나 방문이 자기 정치 때문이라면 보통 문제가 아니다”라는 글을 올렸다. 정 의원은 이 대표가 지방선거 직후 공천 ..
Conservative	윤석열 정부의 현충일은 문재인 정부의 현충일과는 달랐다. 윤석열 대통령은 6일 오전 국립서울현충원에서 열린 제67회 현충일 추념식 추념사를 통해 ‘북한’을 직접 겨냥하며 강력한 대북 억지력을 강조했다. 꼭 1년 전 현충일 추념식에서 문재인 전 대통령이 ‘북한’을 단 한 번도 직접 언급하지 않은 것과 대비됐다. 새 정부의 달라진 대북 기조를 여실히 보여줌..
Conservative	"조 바이든 미국 대통령의 국정 수행 지지율이 악화일로다. 취임 500일을 맞은 지난 3일(현지시간) 바이든 대통령 국정 수행에 대한 미국인의 긍정 평가는 40.8%로 나타났다. 취임 후 500일 시점 도널드 트럼프 전 대통령이 받았던 긍정 평가 41.6%에도 뒤져 1977년 이후 미국 대통령 가운데 꼴찌로 내려앉았다. 
 
 여론조사 전문매체 파이브서티.."
Conservative	"3ㆍ9 대선과 6ㆍ1 지방선거 패배에 대한 책임공방으로 내홍에 빠진 더불어민주당의 차기 당권 구도가 결국 이재명 의원의 전당대회 직접 출마와, 이를 저지하려는 친문재인(親文)계 간의 맞대결이 될 가능성이 커졌다. 
 이재명 의원은 현충일인 6일 인천 계양구 3ㆍ1만세운동기념탑을 참배했다. 지난 1일 계양을 국회의원 보궐선거에서 당선된 뒤 첫 외부일정이다.."
Conservative	"“이준석 대표의 우크라이나 방문이 ‘자기 정치’ 그 이상도 이하도 아니라면 보통 문제가 아니다.”(국민의힘 정진석 의원) 
 
 “어차피 기차는 간다.”(이 대표) 
 
 이른바 ‘윤핵관(윤석열 대통령 측 핵심 관계자)’ 그룹의 맏형 격이자 차기 당권 주자로 꼽히는 정 의원은 6일 이 대표의 우크라이나 방문을 정면으로 문제 삼았다. 이에 대해 3일 출국.."
Conservative	"윤석열 대통령이 현재 임시 집무실로 사용 중인 공간은 향후 김건희 여사가 귀빈을 접견하는 공간으로 사용할 수 있다고 대통령실은 밝혔다. 
 
 윤 대통령은 현재 옛 국방부 청사 5층 사무실을 임시 집무실로 사용 중인데 이달 말쯤 대통령실 공사가 끝나면 계획했던 대로 2층 집무실을 쓸 예정이다. 
 
 대통령실 관계자는 6일 “5층은 ‘제2 집무실’로 사.."
Conservative	8월 전당대회를 앞두고 불붙은 더불어민주당 내 친명(친이재명)과 친문(친문재인) 진영 간 갈등이 전당대회 룰을 둘러싼 신경전으로 이어졌다. 3 9 대선 이후 가입한 신규 당원에 대한 투표권 인정 여부가 최대 쟁점이다. 신규 당원 대다수가 이른바 ‘개딸(개혁의 딸)’ 등 이재명 의원 지지층이다 보니 친명 진영에선 “신규 당원들에게도 투표권을 줘야 한다”고..
Liberal	"대선과 지방선거 패배를 수습하고 8월 전당대회를 관리할 더불어민주당 혁신형 비상대책위원회의 최대 과제는 ‘계파 갈등’ 조정이 될 것으로 전망된다. 혁신 작업의 전제가 될 선거 패배 평가뿐 아니라 전당대회 준비도 계파간 이해관계가 충돌할 소지가 크기 때문이다. 이에 따라 비대위원장은 무계파에 가까운 인물이 적합하다는 것이 당내 중론이다.

이르면 이번주 .."
Conservative	"지방선거 패배로 혼란에 빠진 더불어민주당이 이재명 상임고문의 전당대회 출마 여부를 놓고 의견이 엇갈리고 있다. 대통령선거와 지방선거 2연속 패배의 ‘이재명 책임론’을 놓고 계파갈등의 골이 나날이 깊어지는 형국이다.
 
 
 우상호 더불어민주당 의원이 이재명 인천 계양을 의원의 당권 도전 가능성에 대해 “의원들의 다수 의견은 걱정하는 쪽이 많다”며 우회적.."
Liberal	"[여의도 앨리스] “정치부 기자들이 전하는 당최 모를 이상한 국회와 정치권 이야기입니다.”

홍준표 대구시장 당선인은 대선 경선에서 윤석열 대통령에게 패배한 뒤 국회의원직을 포기하고 대구행을 선택했다. 대통령이 꿈인 홍 당선인이 오히려 중앙무대에서 멀어지는 선택을 하자 이례적이란 평가도 있었다. 다음 대선을 생각한다면 수도권 광역단체장에 도전하거나, 의.."
Conservative	"국회가 6일 ‘개점휴업’ 8일째에 접어들었다. 지난달 29일 21대 전반기 의장단 임기 종료와 함께 18개 상임위원회도 텅 빈 상태가 됐지만 여야가 원 구성 협상에 조금도 진전을 이루지 못하고 있다. 국민의힘과 더불어민주당은 이날 후반기 법사위원장 자리를 두고 본격 신경전을 시작했다. 
 
 
 ━
 與 “법사위만 주면 일사천리” 
 여당인 국민의힘은 .."
Conservative	"이재명 더불어민주당 의원이 보궐선거 당선 후 첫 공식일정으로 3 1만세운동기념탑을 찾아 참배했다. 
 
이 의원은 6일 더불어민주당 유동수 의원(인천 계양갑), 6 1 지방선거 계양구 지역 당선인 등과 함께 인천 계양구 황어장터 3 1만세운동기념탑에서 헌화 분향했다. 
 
이 의원은 유 의원으로부터 황어장터 3 1만세운동과 역사문화센터 건립에 관한 설명.."
Liberal	"더불어민주당은 6일 지방선거 패배로 공백이 된 비상대책위원회를 이번주 내에 구성하기로 했다. 민주당은 7일 의원총회를 열고 비대위 구성에 대해 논의한다.

박홍근 민주당 대표 직무대행 겸 원내대표는 이날 오후 서울 여의도 민주당사에서 시 도당 위원장 및 원외 지역위원장과 간담회를 잇달아 열었다. 신현영 대변인은 두 간담회에서 비대위 구성, 대선 지방선거.."
Conservative	"이낙연 전 더불어민주당 대표가 출국을 하루 앞둔 6일 페이스북에서 이해인 수녀의 시 ‘풀꽃의 노래’를 소개했다. 
 
 이 전 대표는 자신의 소셜네트워크서비스(SNS)에 “전날 지지자 모임에 초청받았다”며 그 자리에서 이 시를 암송했다고 소개했다. 
 
 이어 “바람에 날린 씨앗이 아무 곳에서나 싹트고 자라 꽃을 피우고 다시 씨앗을 잉태하는 야생화의 삶.."
Conservative	제11대 경기도의회 성남 6선거구 도의원으로 당선된 국민의힘 이기인(37) 당선인이 선거 기간 가장 많이 들은 이야기 중 하나는 “자주 보네요”였다고 한다. 아침부터 자정까지 지역구인 경기도 성남시 분당구 서현 판교 백현 운중동을 걸어 다니며 얼굴도장을 찍어서다. 하루 평균 5만~6만보를 걸었다고 한다. 그는 “여당 후보라 불리하지 않은 선거였지만, 정..
Liberal	"“민주당의 공약에는 지역도, 현실성도, 차별성도 없었다”.

더불어민주당의 6 1 지방선거 참패는 이른바 ‘3무(無) 정책 공약’이 한 원인이 됐다는 지적이 제기되고 있다. ‘지역 현실성 차별성’이 없는 공약들이 유권자들의 비판과 무관심을 촉발시켰다는 분석이다. 국민의힘과 차이가 없는 공약들을 백화점식으로 나열하기만 한 데다 김포공항 이전과 부동산 세제.."
Liberal	"윤석열 대통령은 6일 “북한의 핵과 미사일 위협을 억제하면서 보다 근본적이고 실질적인 안보 능력을 갖추어 나갈 것”이라고 밝혔다.

윤 대통령은 이날 서울 동작구 국립서울현충원에서 거행된 제67회 현충일 추념식 추념사에서 “우리 정부는 북한의 어떠한 도발에도 단호하고 엄정하게 대처할 것”이라며 이같이 말했다. 

윤 대통령은 “지금 이 순간에도 북한의 .."
Conservative	"더불어민주당 이낙연 전 대표가 미국 출국을 하루 앞두고 6일 자신의 페이스북에 이해인 수녀의 시 ‘풀꽃의 노래’를 소개하며 “잊혀지는 것은 두렵지 않다’는 메시지를 밝혔다. 
 
 이 전 대표는 “전날 지지자 모임에 초청받은 자리에서 ‘풀꽃의 노래’를 암송했다”며 “바람에 날린 씨앗이 아무 곳에서나 싹트고 자라 꽃을 피우고 다시 씨앗을 잉태하는 야생화의.."
Conservative	일선 수사를 지휘할 중간 간부를 포함한 검찰 후속 인사를 놓고 법무부가 현재까지 검찰인사위원회를 소집하지 않은 것으로 확인됐다. 윤석열 정부 출범 직전인 지난달 6일 퇴임한 김오수 전 총장 후임 검찰총장 인선을 위한 총장추천위원회 일정 역시 한 달 넘게 감감무소식이다. 당분간은 한동훈(49 사법연수원 27기) 법무부 장관과 이원석 총장 직무대리(54 2..
Conservative	"카자흐스탄에서 치러진 국민투표에서 초대 대통령이자 독재자 누르술탄 나자르바예프(82) 전 대통령의 권한을 축소하는 개헌안이 통과됐다. 
 
 
 
 5일(현지시간) AFP통신 등에 따르면 카자흐스탄 중앙선거관리위원회는 이날 국민투표 개표 결과 개헌안에 대한 찬성률이 77%로 집계됐다고 밝혔다. 카자흐스탄에서 국민투표가 치러진 것은 27년 만이다. 
 
.."
Conservative	윤석열 대통령이 오는 9일 최원일 전 함장과 전준영 천안함생존자예비역전우회장 등 천안함 폭침 생존 장병, 연평해전과 북한 목함지뢰 도발 희생자 가족 등을 초청해 오찬을 가질 예정인 것으로 6일 알려졌다. 윤 대통령이 이날 현충일 추념사에서 “영웅들의 희생이 남겨진 가족들의 눈물로 이어져서는 안 된다”고 밝힌 가운데, 곧바로 호국 보훈 행보에 나서며 대통..
Liberal	정진석 국민의힘 의원(전 국회부의장)이 6일 이준석 대표를 공개 저격했다. 6 1 지방선거 직후 이 대표가 혁신위원회를 출범시키고 우크라이나를 방문한 것을 ‘자기 정치’에 비유했다. 지방선거(지선) 과정에서 중앙당의 관리 부실을 거론하며 이 대표 책임론도 제기했다. 권성동 원내대표도 혁신위를 두고 “성급한 측면이 있다”면서 정 의원 비판에 가세했다. 이..
Liberal	태평양 섬나라 순방을 마친 왕이(王毅) 중국 외교담당 국무위원 겸 외교부장이 “중국은 (태평양에서) 영향력 다툼이나 지정학적 쟁탈전을 벌일 생각이 없다”고 밝혔다. 중국의 태평양 진출에 대한 우려를 불식시키려는 의도로 풀이된다. 중국은 왕 부장의 이번 순방 기간 태평양 섬나라들과 맺으려던 포괄적 경제 안보 협정이 불발됐지만 이 지역에서 영향력을 확대하려..
Conservative	"국회 법제사법위원장을 포함한 21대 국회 후반기 원(院) 구성 협상을 둘러싼 여야의 장외 신경전이 달아오르고 있다. 그러나 여야는 정작 본격적인 협상을 위한 회동 일정조차 합의하지 못한 상태다. 원 구성이 지연되면서 국민의힘은 인사청문회 없이 일부 국무위원 후보자들의 임명을 강행할 수 있다고 벼르고 있다. 
 
 국민의힘 권성동 원내대표는 6일 기자회견.."
Liberal	"코로나19로 급증한 소상공인 빚에 대해 금융지원이 확대된다. 비은행권에 이어 은행권 7% 이상 ‘고금리 대출’도 저금리로 전환하는 방안이 검토되고 있다. 또한 폐업한 소상공인도 채무 조정 대상에 포함하도록 대상을 넓히는 작업도 추진되는 모습이다.



6일 국회와 정부 관계자들에 따르면 금융당국은 ‘올해 2차 추가경정예산안’에 담긴 소상공인 금융지원의 .."
Liberal	"21대 하반기 국회 원구성을 둘러싼 여야 신경전이 6일 재개됐다. 박홍근 더불어민주당 원내대표는 “즉각 국회의장을 선출해 국회를 정상화해야 한다”며 국민의힘을 압박했다. 권성동 국민의힘 원내대표는 “(민주당이)법제사법위원장을 차지하고 싶으면 국회의장을 줄 것이냐”고 맞섰다. 

박 원내대표는 이날 사회관계망서비스(SNS)에 “정작 민생과 안보의 최전선에.."
Conservative	"윤석열 대통령이 현재 임시로 사용 중인 서울 용산 청사 5층 집무실이 부인 김건희 여사도 사용할 수 있는 다용도 접견실로 전환될 예정이다. 
 
6일 대통령실 고위 관계자는 용산 청사에서 기자들과 만나 “5층 집무실은 한미 정상회담도 했고 여러 분이 많이 찾아오셔서 그 자체로 용산에서 새 역사를 쌓아가는 곳”이라며 “제2집무실로 쓰고 귀빈 접견실로도 이.."
Conservative	"코로나19 발병 후 매일 관련 통계를 업데이트해온 북한이 최근 들어 '사망자' 통계만 쏙 빼고 발표하는 일이 잦아지고 있다. 북한 당국이 '끝날 때까지 끝난 게 아니다'라는 코로나19의 교훈을 잊은 채 유리한 통계만 앞세우며 '근거 없는 자신감'을 내비친다는 지적이 나온다. 
 
 ━
 사망자만 빼고 매일 발표 
 6일 조선중앙통신은 ""6월 4일 18시.."
Liberal	다음달 임기를 시작하는 차기 시 도교육감 당선인들이 고교학점제를 두고 서로 다른 시각을 보이고 있어 향후 추진 방향에 관심이 쏠린다. 차기 교육감 17명 가운데 10명은 예정대로 2025년 고교학점제 전면 시행이 가능하다고 여기는 반면 7명은 보완 유예가 필요하다는 입장을 보이고 있어서다. 윤석열 정부는 고교학점제를 큰 틀에서 유지할 것으로 보이지만 다..
Conservative	"8월로 예정된 전당대회까지 더불어민주당을 이끌 새 비상대책위원장에 4선 우상호 의원이 새롭게 거론되고 있다. 친문재인계와 친이재명계가 차기 당 대표 자리를 놓고 전면전에 돌입한 가운데 비대위원장에 ‘갈등조정+현역 중진’이 필요하다는 목소리가 커지면서다. 
 
 민주당 중진 의원은 6일 중앙일보와의 통화에서 “중진 의원들이 논의한 결과 우 의원을 새 비대.."
Conservative	"인천 계양을 국회의원 보궐선거에 당선된 이재명 더불어민주당 의원이 현충일을 맞아 당선 후 첫 공식 일정을 소화했다. 
 
 이 의원은 6일 인천 계양구 황어장터 3ㆍ1만세운동기념탑을 찾아 당원 관계자들과 참배했다. 
 
 이 의원은 이날 황어장터 3ㆍ1만세운동 및 역사문화센터 건립 등에 대한 설명을 들은 뒤 차로 이동했다. 앞으로의 의정활동에 대한 기자.."
Liberal	"북한이 올들어 벌써 17번이나 미사일을 발사한 가운데 ‘정확히 몇 발을 쐈는지’에 대한 한 일 군 당국의 정보 판단이 계속 어긋나고 있다. 대부분 한국 쪽 정보가 정확했던 것으로 확인돼 일본에선 이 공백을 메우기 위해서라도 한 미 일 3각 군사 협력 등을 강화해야 한다는 목소리가 이어진다.

한국 합동참모본부는 5일 북한이 오전 9시8분께부터 약 35분.."
Conservative	"우상호 더불어민주당 의원이 이재명 인천 계양을 의원의 당권 도전 가능성에 대해 “의원들의 다수 의견은 걱정하는 쪽이 많다”고 밝혔다. 
 
우 의원은 6일 TBS 라디오 ‘김어준의 뉴스공장’을 통해 “대선 후보가 당권을 잡았을 때, 특히 이번에 당권 주자는 총선 공천에 관여할 수 있는 영향력이 있기 때문에 다음 대선을 겨냥해서 영향력을 행사하면 어떡하나.."
Liberal	"국민의힘 유력 당권주자들이 공부모임, 포럼 등을 조직하기 시작한 것으로 6일 확인됐다. 내년 전당대회를 앞두고 의원들을 대상으로 물밑 작업에 들어간 것이라는 해석이 나온다. 6 1 지방선거가 끝남과 동시에 국민의힘 내 당권 경쟁도 불이 붙고 있다. 

김기현 국민의힘 의원은 ‘윤석열 정부의 성공을 뒷받침하는 당내 싱크탱크’를 표방하며 ‘혁신24, 새로운.."
Conservative	"공정거래위원장 유력 후보로 검사 출신 강수진 고려대 법학전문대학원 교수가 거론되면서 장차관급 정무직 인사에서 ‘검찰 쏠림 현상’을 지적하는 목소리가 나옵니다. 검사 출신이 너무 많다는거죠. 
 
사시 32회인 강 교수는 1997년 성남지청에서 윤석열 대통령과 함께 근무했습니다. 당시 카풀을 함께 하면서 친분이 깊다는 말이 나옵니다. 검찰 출신이 공정위원.."
Conservative	"성 비위 의혹으로 더불어민주당에서 제명된 박완주 무소속 의원은 6일 “어떤 고통과 희생이 있더라도 아닌 것은 아니다. 거짓과 타협하지 않고 진실을 밝히겠다”며 의혹을 전면 부인했다. 이에 피해자 측은 “증거로 진실을 밝히겠다”고 맞받았다. 
 
박 의원은 이날 자신의 페이스북에 입장문을 게시해 “수사기관에 신고된 ‘업무상 위력에 의한 강제추행’, ‘허위.."
Liberal	"이전 지역 재산권 침해 분쟁거리 비화 가능성도
대통령실 “미군 측이 먼저 잔류기지 이전 제안”
윤석열 정부가 2년 전 미국 정부와의 합의를 뒤집고 서울 용산 주한미군 잔류기지 예정지에 대한 이전 협상을 벌이고 있는 것으로 확인됐다. 지난달 대통령 집무실을 청와대에서 국방부 청사로 옮기면서 대통령실과 미군기지가 나란히 있게 되는 상황을 해소하기 위한 대책.."
Liberal	"윤석열 대통령이 검찰총장 시절 받았던 ‘정직 2개월’ 징계 취소소송에서 ‘카풀 인연’으로 알려진 이노공 법무부 차관과 맞서게 됐다. 징계 소송에 관여하지 않겠다는 한동훈 법무부 장관의 회피 결정에 따라 소송 지휘봉을 이어받은 셈인데, 사적 인연으로 엮인 이 차관이 징계의 정당성을 주장할 수 있을지 의문이 제기된다.

법무부는 7일로 예정된 윤 대통령 ‘.."
Liberal	"민주노총 공공운수노조 화물연대본부가 화물차 안전운임 일몰제 폐지 및 확대 등을 요구하며 7일 0시를 기점으로 총파업에 돌입한다. 윤석열 대통령 취임 후 약 한 달만에 예고된 첫 대규모 파업으로, 새 정부의 노동정책이 시험대에 오를 전망이다.

화물연대는 6일 오후 입장문을 내고 “화물연대는 총파업 돌입 전까지 정부와의 모든 대화 창구를 열어놓고 협의를 .."
Liberal	"대통령실 참모들이 최근 문재인 전 대통령의 양산 자택 앞 ‘욕설 시위’에 대해 “우려스럽다”는 의견을 주고받은 것으로 전해졌다. 

6일 대통령실의 설명을 종합하면, 대통령실 수석비서관들은 최근 보수단체들의 문 전 대통령 양산 자택 시위에 대한 의견을 주고받았다. 수석비서관들은 매일 오전 7시30분 차를 마시며 현안을 공유하는데 이 자리에 “문 전 대통.."
Conservative	"한국경영자총협회(경총)가 정년연장형 임금피크제는 원칙적으로 연령 차별에 해당하지 않는다는 방침을 세웠다. 정년유지형 임금피크제에 대해서도 “기존 규정상의 정년을 보장하기 위해 노사 합의로 도입된 것이라면 문제없다”는 입장도 내놨다. 최근 대법원의 임금피크제 무효 판결과 관련해서는 “예외적 사례”라고 선을 그었다. 
 
 
 ━
 경총 ‘기업 대응 방향’.."
Conservative	"한ㆍ미가 6일 북한의 미사일 무력 시위에 미사일 무력시위로 맞받아쳤다. 북한이 전날 단거리탄도미사일(SRBM) 8발을 쏜 데 대해 한ㆍ미도 정확히 8발의 SRBM을 발사했다. 북한의 도발 수위에 비례해서 대응하겠다는 팃포탯(Tit-for-tat) 전략이다. 한ㆍ미는 북한의 제7차 핵실험 이전까지는 이 같은 기조를 이어간다는 방침이다. 
 
 
 이날 합.."
Conservative	"보좌진 성추행 혐의로 더불어민주당에서 제명된 박완주(3선 충남 천안을) 의원이 6일 “어떤 고통과 희생이 있더라도 아닌 것은 아니다”라며 “이제 사실이 아닌 것은 아닌 것으로, 진실은 진실을 밝힐 수 있는 곳에서 밝혀 나가겠다”고 했다. 
 
박 의원은 이날 페이스북에서 “수사기관에 신고된 ‘업무상 위력에 의한 강제추행’ ‘허위사실 적시에 의한 명예훼손.."
Conservative	"성 비위 의혹으로 더불어민주당에서 제명된 박완주 무소속 의원이 6일 “어떤 고통과 희생이 있더라도 아닌 것은 아니다”라고 주장했다. 
 
 박 의원은 이날 자신의 페이스북을 통해 “거짓과 타협하지 않고 진실을 밝히기로 했다”며 이같이 밝혔다. 
 
 그는 “정치 인생뿐만 아니라 올바르게 살아오고자 노력한 인생이 송두리째 부정당하는 참담한 일”이었다며 “.."
Liberal	윤석열 대통령은 6일 취임 후 첫 현충일 추념사에서 북한 도발에 대한 엄정한 대처를 강조했다. 대화와 협력을 근본 해법으로 제시하는 메시지는 포함하지 않았다. 앞선 보수 정부가 원칙적 수준에서라도 대북 정책 관련 대화 타협 통일 평화 등의 단어를 언급한 것과 차이가 있다. 북한의 계속된 미사일 발사와 핵실험 움직임으로 한반도 긴장이 고조된 상황이 반영된..
Liberal	성비위 의혹 사건으로 더불어민주당에서 제명된 박완주 무소속 의원이 6일 “긴 시간이 필요하고 그 과정이 매우 고통스러울지라도 이제 주장이 아닌 객관적 증거와 정황 증거로 거짓과 허위로부터 진실을 반드시 밝힐 것”이라고 밝혔다. 6 1 지방선거에 미칠 영향을 우려해 침묵해왔으나 선거가 끝난 만큼 이제 수사기관과 국회 윤리특별위원회 조사에서 적극 반론에 나..
Conservative	"더불어민주당 내 온건파로 꼽히는 이상민 의원은 6일 당 쇄신 문제와 관련해 “‘금기와 성역’ ‘맹종과 팬덤’ ‘일색과 패거리, 배척’ ‘계파성’ 등이 무엇보다 산산조각 내 부숴버려야 될 것”이라고 말했다. 
 
이 의원은 이날 페이스북을 통해 “이구동성 민주당은 혁신이 필요하다고 한다. 혁신은 창조적 파괴가 필수적으로 선행돼야 하고 전제돼야 한다”며 이.."
Liberal	"북한 관영매체들은 6일 전날 발사한 8발의 탄도미사일에 대해 보도하지 않고 침묵했다.

조선중앙통신과 조선중앙방송, 노동당 기관지 노동신문 등은 이날 오후 3시 현재까지 전날 감행한 탄도미사일 발사에 대해 언급하지 않았다. 

북한은 미사일 발사 후 다음날 오전 관영매체를 통해 발사 사실과 의미, 평가 등을 담은 기사와 사진을 공개해왔다. 북한이 원했던.."
Conservative	"더불어민주당 박홍근 당 대표 직무대행 겸 원내대표는 제67회 현충일인 6일 국민의힘을 향해 “나라의 안보를 책임져야 할 여당이 해야 할 최선의 선택은 당리당략을 버리고 즉각 국회의장을 선출해 국회를 정상화하는 것”이라고 말했다. 
 
박 원내대표는 이날 자신의 페이스북에서 “민생과 안보에는 여야가 없다. 내일이라도 국회를 열어 여야가 통 크게 손잡고 국.."
Liberal	‘국민연금 개혁’이 다시 사회적 화두다. 윤석열 정부에서는 과연 연금개혁이 제대로 이뤄질 수 있을지가 핵심이다. 이슈는 대체로 세 가지로 모인다. ‘저부담 고급여’ 구조에 따른 재정불안, 낮은 보장성으로 인한 적은 연금, 국민연금의 혜택이 미치지 못하는 연금 사각지대다. 여기에 더해 간과할 수 없는 또 하나의 이슈가 있다. 바로 ‘연금 격차’ 문제다. ..
Conservative	"김건희 여사가 6일 현충일 추념식에서 윤석열 대통령 정장 위에 떨어진 빗물을 닦아주는 등 윤 대통령을 보살피는 모습이 포착됐다. 
 
제67회 현충일 추념식은 장대비가 쏟아지는 가운데 동작구 국립서울현충원에서 치러졌다. 윤 대통령 내외는 이날 흰색 비닐 우의를 입고 참석해 나란히 앉았다. 김 여사는 추념식 동안 윤 대통령의 옆에서 연신 옷에 묻은 빗물을.."
Liberal	"6 1 지방선거 이후 경기도를 남과 북으로 나눠 두 개의 지방정부로 개편하자는 경기분도론이 급부상하고 있다. 경기분도론은 선거 때면 ‘반짝’ 나타났다가 슬그머니 사라지기를 수십년 동안 반복했지만 이번에는 다른 분위기다. 무엇보다도 오는 7월1일부터 도정을 이끌 김동연 경기도지사 당선인의 적극적인 추진 의지 때문이다.

역대 경기도지사는 자신의 정치적 기.."
Conservative	"올 11월 중간선거를 앞두고 조 바이든 미국 행정부가 최근 인플레이션에 대한 책임론을 방어하는 데 총력전을 벌이고 있다. 미국의 소비자물가상승률이 40년 만에 최고치로 상승하면서 바이든 대통령의 지지율이 바닥을 치고 있다는 위기의식에서 비롯된 현상으로 풀이된다. 
 
 바이든 대통령의 경제고문인 진 스펄링 전 백악관 국가경제위원장은 5일 CNN방송에 출.."
Conservative	"정부가 상속 이사 등으로 다주택자가 된 사람의 종합부동산세를 줄여주는 방안을 추진한다. 6일 기획재정부 관계자는 “앞서 지난 4월 정부가 발표했던 종부세 완화 방침대로 상속 이사로 인해 부득이하게 다주택자가 된 분들에 대한 종부세 감면 방안을 마련 중”이라면서 “구체적인 방법이나 적용 대상 및 시기에 대해서는 아직 밝힐 수 없다”고 했다. 
 
 기재부.."
Liberal	"만나기 곤란한 사람은 다 그에게 보내라?

윌리엄 번스 미국 중앙정보국(CIA) 국장이 까다로운 각국 지도자들을 상대하며 조 바이든 행정부의 ‘해결사’ 노릇을 하고 있다고 <월스트리트 저널>이 5일(현지시각) 보도했다. 본업은 정보기관 수장이지만 특사 또는 고위 외교관 역할을 겸하는 셈이다.

궂은 일을 도맡는 번스 국장의 역할은 4월 중순 사우디아라비.."
Liberal	권성동 국민의힘 원내대표가 6일 이준석 대표가 주도하는 당 혁신위원회 출범과 관련해 “성급한 측면이 있다”고 말했다. 정진석 국민의힘 의원(전 국회부의장)이 이날 이 대표의 혁신위 출범을 비판한 데 이어 권 원내대표도 비판적인 입장을 밝힌 것이다. 후반기 국회 원구성이 늦어지고 있는 점과 관련해서는 더불어민주당이 6 1지방선거 패배 직후 비상대책위원회 ..
Conservative	"권성동 국민의힘 원내대표는 6일 “혁신위를 발족하려면 조금 더 많은 준비를 한 다음에 하는 것이 옳았다, 좀 성급했다”고 말했다. 권 원내대표는 이날 국회 기자간담회에서 사견임을 전제로 “혁신위 출범부터 발표하고 인적구성, 논의할 아이템에 대해 나중에 결정하겠다는 것은 앞뒤가 바뀐 측면이 있다”며 이같이 말했다. 
 
 권 원내대표는 앞서 이 대표가 6.."
Conservative	"최민호, 읍면지역서 2배 가까이 득표 
 최민호 국민의힘 세종시장 당선인이 이해찬 전 더불어민주당 대표 집이 있는 지역에서 최고 득표율을 기록한 것으로 나타났다. 또 그간 민주당 절대 우세 지역으로 분류되던 세종시 내 신도시 지역에서도 최 당선인과 이춘희 민주당 후보 간 득표율이 엇비슷한 것으로 집계됐다. 지난 1일 치른 세종시장 선거 결과다. 
 
 .."
Conservative	"국민의힘 정진석 국회부의장은 6일 이준석 당 대표의 우크라이나 방문을 두고 “자기 정치 그 이상도 이하도 아니라면, 보통 문제가 아니다”라고 비판했다. 
 
정 부의장은 이날 자신의 페이스북에 올린 ‘국민의힘, 국정안정 뒷받침 고민이 최우선 과제다’라는 제목의 글에서 “주변 분들이 제게 ‘이준석 대표가 우크라이나에는 도대체 왜 간 건가’, ‘좀 뜬금없지.."
Conservative	"성일종 국민의힘 정책위의장은 6일 “당에서는 앞으로 100일 정도를 놓고 입법 등 지원 체계를 강력하게 추진하겠다”고 밝혔다. 
 
 성 정책위의장은 이날 KBS라디오 ‘최경영의 최강시사’에 출연해 “가장 1순위는 약자를 위한 입법, 정책을 추진하는 것”이라며 이같이 말했다. 
 
 성 정책위의장은 “대기업과 중소기업들의 납품단가 연동제가 굉장히 오랜 .."
Conservative	"최근의 임금피크제 논란에 대해 한국경영자총협회의 공식 대응 지침이 정해졌다. 이번 대법원 판결은 예외적인 사례이며 임금피크제는 고용 보장을 위해 노사 합의를 거쳐 도입된 정당한 제도라는 입장이다. 
 
 경총은 7일 ‘임금피크제 대법원 판결 관련 대응방향’을 회원사들에 배포할 계획이라고 6일 밝혔다. 앞서 5월 26일 대법원의 임금피크제 판결 이후 실시.."
Conservative	"윤석열 대통령과 부인 김건희 여사는 현충일인 6일 중앙보훈병원을 찾아 입원 치료를 받고 있는 6 25전쟁 참전 유공자와 월남전 참전 유공자를 만나 위로를 전했다. 
 
 대통령실에 따르면 윤 대통령 부부는 이날 67주년 현충일 추념식에 참석한 직후 서울 강동구에 있는 중앙보훈병원을 찾았다. 
 
 윤 대통령 부부는 유근영 중앙보훈병원장으로부터 병원 현황.."
Conservative	"김기현 국민의힘 의원이 오는 22일 '여당 1호 의원모임'을 출범시킨다. 
 
 김 의원은 7일 당 소속 의원들에게 ""국민의힘 의원 대화모임인 '혁신 24, 새로운 미래'(약칭 새미래)와 함께 해 달라""며 의원 모임 참여를 요청하는 공문을 발송했다. 
 
 김 의원에 따르면 새미래는 그가 21대 국회 개원 초 약 1년여간 운영해온 기존 의원 공부모임인 .."
Conservative	"무소속 민형배 의원은 6일 더불어민주당 이재명 의원의 당 대표 출마가 ‘이재명 책임론’의 핵심이라고 주장했다. 민 의원은 ‘검수완박(검찰 수사권 완전 박탈)’ 법안 통과를 위해 민주당을 ‘위장 탈당’했다는 논란이 인 바 있다. 
 
민 의원은 이날 오전 MBC라디오 ‘김종배의 시선집중’과의 인터뷰에서 “(이 의원은) 가장 큰 자산을 가진 정치인이다. 그.."
Liberal	"제11대 경기도의회 의원 10명 가운데 7명이 초선 의원으로 채워졌다. 초선의 20% 이상은 20~30대 청년층이다.

경기도의회는 6 1 지방선거에 당선된 제11대 경기도의원은 지역구 141명과 비례대표 15명 등 모두 156명이라고 6일 밝혔다.

전체 당선인 중 초선은 109명으로, 69.8%를 차지하고 있다. 연임에 성공한 현직 도의원은 47명에.."
Liberal	"북한의 잇단 무력 시위 속에 미국 국무부 2인자인 웬디 셔먼 부장관이 2박3일 일정으로 방한한다.

6일 외교부와 미 국무부 발표 내용을 종합하면, 셔먼 부장관은 이날 한국에 도착해 7일 조현동 외교부 1차관과 한-미 외교차관 회담에 나설 예정이다. 회담에선 양국 현안과 북핵 대응책 등과 함께 지난달 21일 한-미 정상회담 결과 이행을 위한 후속 조치도.."
Conservative	"우크라이나 수도 키이우를 방문 중인 국민의힘 이준석 대표가 6일 페이스북에 “어차피 기차는 간다”는 한 문장을 올렸다. 
 
당내 일각에서 이 대표의 우크라이나 방문에 대한 비판이 나오자 이를 겨냥한 것이라는 해석이 나온다. 
 
앞서 국민의힘 정진석 국회부의장은 이날 오전 페이스북에서 이 대표를 향해 “우크라이나 방문이 자기정치 그 이상도 이하도 아니.."
Conservative	"방송인 김어준씨는 윤석열 대통령 배우자 김건희 여사 호칭을 ‘씨’라고 표현한 자신의 발언을 놓고 보수 성향 시민단체에서 인격권 침해라고 문제 제기를 한 데 대해 “당사자가 여사로 불리고 싶어하는 게 맞느냐”라고 6일 반박했다. 
 
김씨는 6일 TBS 라디오 ‘김어준의 뉴스공장’ 중 ‘김어준의 생각’이라는 코너에서 “지난 주말 (보수단체인) 법치주의바로.."
Conservative	윤석열 대통령은 6일 서울 동작구 국립현충원에서 열린 제67회 현충원 추념식에 참석해 “더 이상 영웅들의 희생이 남겨진 가족의 눈물로 이어져서는 안 될 것”이라고 했다. “확고한 보훈 체계는 강한 국방력의 근간이다” “공정하고 합리적인 보훈 체계를 마련해 억울한 분들이 없도록 하겠다”라며 강력한 보훈 정책을 예고한 것이다. 윤 대통령은 이날 5명에게 국..
Conservative	"인천항만공사(IPA) 등 인천 항만업계가 민주노총 화물연대의 파업에 대비해 긴급 대책회의를 여는 등 적극 대응에 나섰다. 
 
6일 IPA에 따르면 IPA와 인천지방해양수산청, 인천시, 컨테이너 부두 운영사, 선사 등 관계 기관은 7일 0시로 예고된 화물연대 파업에 대한 대책을 논의하기 위해 지난 3일 긴급 비상수송위원 회의를 열었다. 
 
인천지방해양.."
Liberal	정진석 국민의힘 의원(전 국회부의장)이 6일 이준석 대표를 공개 저격했다. 이 대표의 혁신위원회 출범과 우크라이나 방문을 비판하고, 6 1 지방선거 관리 부실도 거론했다. 선거 승리 후 여권 내 권력 쟁탈전이 시작되는 양상이다. 윤석열 대통령 측근인 정 의원과 이 대표간 갈등 구도로도 해석된다. 당권 주자로 거론되는 정 의원의 존재감 키우기로도 읽힌다...
Conservative	"국민의힘 정진석 국회부의장은 6일 이준석 대표의 우크라이나 방문을 두고 ""자기 정치 그 이상도 이하도 아니라면, 보통 문제가 아니다""라고 비판했다. 
 
 정 부의장은 이날 오전 페이스북에 올린 '국민의힘, 국정안정 뒷받침 고민이 최우선 과제다'라는 제목의 글에서 ""주변 분들이 제게 '이준석 대표가 우크라이나에는 도대체 왜 간 건가' '좀 뜬금없지 않은.."
Liberal	"윤석열 대통령이 6일 “우리 정부는 북한의 어떠한 도발에도 단호하고 엄정하게 대처할 것”이라고 말했다. 

윤 대통령은 이날 국립서울현충원에서 열린 제67회 현충일 추념식에서 “어제도 여러 종류의 탄도미사일을 발사했다. 북한의 핵 미사일은 한반도는 물론 동북아와 세계 평화를 위협하는 수준에 이르고 있다”며 이렇게 말했다. 이어 “북한의 핵과 미사일 위협.."
Conservative	"윤석열 대통령은 6일 “우리 정부는 북한의 어떠한 도발에도 단호하고 엄정하게 대처할 것”이라고 밝혔다. 
 
윤 대통령은 이날 국립서울현충원에서 ‘대한민국을 지켜낸 당신의 희생을 기억합니다’를 주제로 개최된 제67회 현충일 추념식에 참석해 “지금 이 순간에도 북한의 핵과 미사일 위협은 고도화되고 있다. 어제도 여러 종류의 탄도미사일을 발사했다”며 이같이.."
Liberal	"윤석열 대통령은 6일 제67회 현충일 추념사에서 “우리 정부는 북한의 어떠한 도발에도 단호하고 엄정하게 대처할 것”이라고 밝혔다.

윤 대통령은 이날 국립서울현충원에서 거행된 현충일 추념식에서 전날 북한의 단거리 탄도미사일(SRBM) 시험 발사를 언급하며 이같이 말했다.

윤 대통령은 “지금 이 순간에도 북한의 핵과 미사일 위협은 고도화되고 있다”면서 .."
Conservative	"윤석열 대통령은 6일 제67회 현충일 추념식에 참석해 “확고한 보훈 체계가 강한 국방력의 근간”이라며 “국가 안보, 국민 안전을 지킨 영웅들의 남겨진 가족을 돌보는 것이 국가의 의무”라고 했다. 그는 "" 유가족 여러분의 가슴에 자부심과 긍지가 꽃피울 수 있도록 대한민국 정부와 국민이 함께할 것”이라며 “제복 입은 영웅들이 존경받는 나라를 만들겠다”고 했.."
Conservative	"윤석열 대통령은 6일 “우리 정부는 북한의 어떠한 도발에도 단호하고 엄정하게 대처할 것”이라고 강조했다. 
 
 윤 대통령은 이날 서울 동작동 현충원에서 열린 제67회 현충일 추념식 추념사에서 “북한의 핵 미사일은 한반도는 물론 동북아와 세계 평화를 위협하는 수준에 이르고 있다”며 이같이 밝혔다. 
 
 윤 대통령은 전날 북한이 단거리 탄도미사일(SRB.."
Conservative	"국민의힘 정진석 국회부의장이 6일 이준석 대표를 향해 “‘우크라이나 방문’ ‘혁신위원회 설치’ ‘2024년 총선 공천 혁명’ 등 혁신 개혁 변화도 중요하겠지만, 굳이 우선순위를 따진다면 윤석열 정부에 보탬이 되는 여당의 역할을 먼저 고민해야 하지 않겠느냐”고 했다. 
 
정 부의장은 이날 페이스북에서 이 대표의 우크라이나 방문에 대해 “자기 정치 그 이.."
Conservative	"한 미 군 당국이 북한의 미사일 도발에 대한 대응해 미사일 8발을 사격했습니다. 
 
합동참모본부는 6일 새벽 4시 45분부터 10여 분 동안, 한미 연합으로 지대지미사일 에이태킴스(ATACMS) 8발을 동해상으로 발사했다고 밝혔습니다. 
 
발사된 미사일은 한국군 측에서 7발, 미국군 측에서 1발인 것으로 알려졌습니다. 
 
합참은 “이번 대응 사격에.."
Conservative	"더불어민주당 고민정 의원은 자신이 이재명 의원의 인천 계양을 출마를 비판했다는 일각의 지적을 두고 “문맥 파악을 제대로 못 한 것”이라고 반박했다. 그러자 국민의힘 김용태 최고위원은 “적반하장”이라고 비판했다. 
 
4일 김 최고위원은 자신의 페이스북을 통해 “선거 패배에 대한 반성은커녕 주워 담지도 못할 말을 섣불리 내뱉었다가 수습하려다 보니 정작 본.."
Conservative	"방송인 김어준씨가 윤석열 대통령의 부인 김건희 여사를 '김건희씨'라고 표현한 것을 두고 국가인권위원회 진정이 제기되자 ""이상한 일""이라고 했다. 
 
 김씨는 6일 TBS교통방송 '김어준의 뉴스공장'에서 ""지난 주말 법세련(법치주의바로세우기행동연대)이 '대통령 부인 김건희씨'라는 호칭은 인격권 침해라면 인권위에 진정했다""며 이같이 말했다. 
 
 김씨는.."
Conservative	"‘검수완박’(검찰 수사권 완전 박탈) 법안 통과를 위해 더불어민주당을 탈당했던 민형배 의원이 6일 6 1 지방선거 패배 원인이 강경파에 있다는 지적에 대해 “강경파로 ‘처럼회’(민주당 강성 초선 의원 모임)를 지목하고 거기다 검수완박을 뒤집어씌우는 건 정말 옳지 않다”고 했다. 
 
민 의원은 이날 MBC라디오에서 “문제를 풀어보려고 적극적으로 나서는 .."
Liberal	"“금강 영산강 보 처리방안을 조속히 이행하라.”

금강유역환경회의 대전충남녹색연합, 대전환경운동연합, 광주환경운동연합, 전남환경운동연합, 영산강살리기운동본부 등 금강 영산강 일대 84개 환경 시민단체는 7일 오전 11시 정부세종청사 환경부 앞에서 기자회견을 열고 금강 영산강 보 처리방안을 조속히 이행할 것을 촉구할 예정이라고 6일 밝혔다.

이들 단체는.."
Conservative	"국민의힘 이준석 대표와 소속 의원들로 꾸려진 대표단이 5일(현지시간) 우크라이나 수도 키이우를 찾았다. 
 
올렉시 쿨레바 키이우 주지사는 이날 페이스북에 “오늘 한국의 여당인 국민의힘 이 대표가 이끄는 국회 대표단이 키이우를 공식 방문했다”며 대표단의 사진을 공개했다. 
 
쿨레바 주지사는 “대표단이 키이우 인근 부차 지역의 민간인 고문 매장지를 방문.."
Conservative	"세르게이 라브로프 러시아 외무장관이 세르비아를 방문하려 했으나, 주변국들이 일제히 자국 영공을 폐쇄하면서 일정이 취소되었다고 인테르팍스 통신이 6일(현지 시각) 보도했다. 
 
인테르팍스 통신은 러시아 외무부 고위 관계자를 인용해 불가리아와 북마케도니아, 몬테네그로가 이날 러시아 외무장관을 태울 세르비아행 여객기에 대해 자국 영공 폐쇄 조치를 내렸다고 .."
Liberal	"“지금 승리하는 사람은 항상 무적처럼 보일 것이다.” 작가 조지 오웰의 말이다. 2018년 휘청이는 보수를 상대로 ‘20년 집권론’을 내놓을 때 더불어민주당도 패배 없는 수권정당을 장담했다. 그러나 민주당에 압도적 승리를 몰아줬던 민심은 4년 만에 문재인 정권과 민주당 지방정부를 모두 심판했다.

지방선거 참패 이후 민주당 구성원들은 창당 이래 최대 위.."
Liberal	"한 미 양국은 6일 북한의 단거리 탄도미사일(SRBM) 8발 도발에 비례해 지대지 미사일 8발을 공동으로 대응 사격했다. 

합동참모본부는 이날 새벽 4시 45분부터 약 10분간 전날 북한의 단거리 탄도미사일 8발 발사에 대응해 한 미 연합으로 지대지미사일 8발을 대응 사격했다고 밝혔다.

한 미는 지대지미사일인 에이태큼스(ATACMS) 총 8발을 동해.."
Liberal	"한미는 6일 북한의 단거리 탄도미사일(SRBM) 8발 도발에 비례해 지대지 미사일 8발을 공동으로 대응 사격했다. 

합동참모본부는 이날 새벽 4시45분부터 약 10분간 전날 북한의 단거리 탄도미사일 8발 도발에 대응해 한미 연합으로 지대지미사일 8발을 대응 사격했다고 밝혔다.

한미는 지대지미사일인 에이태큼스(ATACMS) 총 8발을 동해상으로 발사했.."
Conservative	"국민의힘 이준석 대표와 소속 의원들로 꾸려진 대표단이 5일(현지시간) 우크라이나 수도 키이우를 방문했다. 
 
 올렉시 쿨레바 키이우 주지사는 이날 페이스북을 통해 “오늘 대한민국 여당인 국민의힘 이준석 대표가 이끄는 대한민국 국회 대표단이 키예프 지역을 공식 방문했다”고 밝혔다. 
 
 쿨레바 주지사는 “대표단은 키이우 인근 부차 지역의 고문당한 민간.."
Conservative	"오늘의 국내 주요 뉴스 사진(전송시간 기준)을 한눈에 파악할 수 있도록 실시간 업데이트합니다. 
 
 ■ 2022.06.06 오후 4:00 ""싹 쓸어버리고 있다""...범죄도시2 천만 '초읽기' 범죄액션 영화 '범죄도시 2'가 개봉 20일째인 6일 관객 수 900만을 돌파했다. 영화진흥위원회 영화관입장권 통합전산망에 따르면 전날까지 누적 관객 수 886만.."
Liberal	"북한이 미사일 8발을 쏜 다음날 한국과 미국이 미사일 8발을 쏘았다. 

합동참모본부(합참)는 6일 “한국과 미국은 이날 오전 4시45분께부터 10여분 동안 전날 북한 단거리탄도미사일 발사에 대한 대응으로 육군 전술 단거리 지대지 미사일인 에이태큼스(ATACMS) 8발을 동해상으로 사격했다”고 밝혔다. 이날 발사한 미사일은 한국 7발, 미국 1발로 알려.."
Liberal	"“지금 승리하는 사람은 항상 무적처럼 보일 것이다.” 작가 조지 오웰의 말이다. 2018년 휘청이는 보수를 상대로 ‘20년 집권론’을 내놓을 때 더불어민주당도 패배 없는 수권정당을 장담했다. 그러나 민주당에 압도적 승리를 몰아줬던 민심은 4년 만에 문재인 정권과 민주당 지방정부를 모두 심판했다.

지방선거 참패 이후 민주당 구성원들은 창당 이래 최대 위.."
Liberal	"국회사무처가 국회의원이 대표를 맡고 있거나 임원 사외이사 등으로 재직하고 있는 법인 단체 등에 관한 정보를 공개해 달라는 시민단체의 청구를 거부한 것으로 나타났다.

사적 이해관계로 인한 ‘이해충돌’을 미연에 방지하는 차원에서 관련 정보를 공개할 수 있도록 한 개정 국회법이 시행 중이지만, 국회 스스로 “정보를 제공할 수 없다”며 법 개정 취지에 반하는.."
Liberal	"블라디미르 푸틴 대통령이 서방이 우크라이나에 장거리 무기를 제공한다면 공격 목표물을 확장할 것이라고 말했다. 푸틴 대통령의 이 경고는 러시아가 40일 만에 우크라이나 수도 키이우를 미사일로 공격한 가운데 나왔다.

푸틴 대통령은 5일 <로시야-1> 텔레비전과 회견에서 우크라이나가 장거리 로켓들을 갖는다면, 모스크바는 “우리가 아직 타격하지 않아오던 목표.."
Conservative	"한미는 6일 북한의 단거리탄도미사일(SRBM) 8발 도발에 비례해 지대지미사일 8발을 대응 사격했다. 
 
합동참모본부는 전날 북한의 SRBM 도발에 대응해 이날 새벽 4시 45분부터 10여 분간 연합 지대지미사일 에이태킴스(ATACMS) 총 8발을 동해상으로 사격했다고 밝혔다. 
 
발사된 미사일은 한국 측 7발, 미국 측 1발인 것으로 알려졌다. 
.."
Conservative	"한미는 6일 북한의 단거리 탄도미사일 8발 도발에 비례해 지대지 미사일 8발을 공동으로 대응 발사했다. 
 
합동참모본부는 전날 북한의 단거리 탄도미사일(SRBM) 도발에 대응해 이날 새벽 4시45분부터 약 10분간 연합 지대지 미사일 에이테킴스(ATACMS) 총 8발을 동해상으로 사격했다고 발표했다. 발사된 미사일은 한 측에서 7발, 미측에서 1발인 .."
Conservative	"김용태 국민의힘 최고위원은 고민정 더불어민주당 의원을 겨냥해 ""자신의 입으로 직접 내놓은 발언에 대해 비판했더니 '문맥을 잘못 파악한 것이다'라는 식의 적반하장으로 나온다""며 ""오히려 제가 당황스럽다""고 했다. 
 
 김 최고위원은 4일 자신의 페이스북을 통해 ""선거 패배에 대한 반성은커녕주워 담지도 못 할 말을 섣불리 내뱉었다가 수습하려다 보니 정작 .."
Liberal	"더불어민주당이 촛불 시민들의 열망에 힘입어 정권을 얻고 다시 잃는 데는 5년밖에 걸리지 않았다. 문재인 정부 초반 ‘20년 집권론’(이해찬 전 대표)까지 언급됐지만, 4분의 1에 멈췄다.

지난 2~5일 <한겨레>가 접촉한 민주당 의원 24명은 △반복된 성폭력 사건 △조국 전 법무부 장관 사태 △부동산 정책 실패 등을 민심을 돌아서게 한 대목으로 꼽았다.."
Liberal	"“지금 승리하는 사람은 항상 무적처럼 보일 것이다.” 작가 조지 오웰의 말이다. 2018년 휘청이는 보수를 상대로 ‘20년 집권론’을 내놓을 때 더불어민주당도 패배 없는 수권정당을 장담했다. 그러나 민주당에 압도적 승리를 몰아줬던 민심은 4년 만에 문재인 정권과 민주당 지방정부를 모두 심판했다.

지방선거 참패 이후 민주당 구성원들은 창당 이래 최대 위.."
Conservative	"한미가 6일 북한의 탄도미사일 도발에 대한 대응으로 지대지 미사일 8발을 사격했다. 
 
 합동참모본부는 전날 북한의 단거리 탄도미사일(SRBM) 도발에 대응해 이날 오전 4시 45분부터 약 10분간 연합 지대지 미사일 에이태큼스(ATACMS) 총 8발을 동해상으로 사격했다고 밝혔다. 
 
 합참은 ""한미 연합 지대지미사일 사격은 북한이 다수 장소에서 .."
Conservative	"안녕하세요. 7NEWS입니다. 
북한은 5일 35분간 평양 순안 등 4곳에서 동해상으로 8발의 단거리 탄도미사일을 연속 발사했습니다. 윤석열 정부 출범 이후 세 번째 도발이자, 올해 들어서만 18번째 미사일 무력시위입니다. 이번 북한의 도발은 항공모함을 동원한 한 미 연합훈련에 대한 반발 성격으로 보고 있습니다. 
이날 김건희 여사와 함께 봉사활동에 참.."
Conservative	"북한에서 신종 코로나바이러스 감염증(코로나19) 의심 발열 환자 수가 누적 410만명을 넘어섰다. 
 
 조선중앙통신은 6일 국가비상방역사령부를 인용해 지난 4월 말부터 전날 오후까지 전국에서 발생한 발열 환자가 누적 413만7160여명이라고 보도했다. 
 
 이 가운데 400만9470여명이 완쾌했고, 12만7620여명이 치료를 받는 것으로 집계됐다. .."
Conservative	"배우 겸 가수 이승기가 배우 이다인과 공개 연애 1년여 만에 팬들에게 자신의 입장을 밝혔다. 
 
 이승기는 5일 공식 홈페이지에 올린 글에서 ""우리의 지난 1년이 서로가 참 많이 아프고상처받고 소통도 부족했던 해였다. 오랜 고민 끝에 말문을 연다""면서 그간 공개 연애와 관련해 말을 아꼈던 이유를 설명했다. 
 
 그는 ""여러 소란 속에서도 말을 아낀 .."
Liberal	"2024년 착공, 2026년 10월 완공 2년 전 문재인 정부와 합의
‘집무실 200m 이내 기지’는 미군이 주둔하는 20개국 중 유일
미국과 재협상 벌여 옮길 땐 수천억 추가 비용 발생 가능성도
한 미 정부가 2년 전 서울 용산 ‘드래곤 힐’ 호텔 일대 10만㎡ 부지에 주한미군 잔류기지를 건설하기로 합의한 사실이 확인됐다. 이 부지는 윤석열 대통령 취.."
Conservative	"민주사회를 위한 변호사모임(민변) 출신 변호사들이 최근 간첩단 혐의로 재판을 받는 지하조직 ‘자주통일 충북동지회’ 조직원들의 변호인단에 대거 합류한 것으로 확인됐다. 새로 선임계를 제출한 변호인들은 기록 검토 등을 이유로 재판부에 기일 변경을 신청해 충북동지회 사건 공판은 지난 4월 이후 개점휴업 상태다.
 
 
 최병모 한택근 변호사 등 충북동지회 변.."
Conservative	"윤석열 대통령이 9일 천안함 폭침과 연평해전 등의 희생자 유족과 생존 장병 20명을 초청해 오찬할 예정이라고 여권 소식통이 5일 전했다. 
 소식통은 ""윤 대통령은 최원일 전 함장과 이성우 유족회장 등 천안함 생존 장병 유족 9명과 천안함 실종자 구조 과정에서 순직한 고 한주호 준위 유족 및 연평해전과 북한의 목함지뢰 도발 희생자 유족 등 20명을 9일.."
Conservative	갈수록 과격해지는 문재인 전 대통령의 양산 사저 주변 보수단체 집회와 관련해 윤석열 대통령이 최근 “시위를 자제했으면 좋겠다”는 취지로 참모들에게 당부했다고 대통령실 핵심 관계자가 5일 전했다. 이 관계자는 이날 중앙일보와의 통화에서 “욕설과 모욕이 뒤섞인 시위로 인해 문 전 대통령 부부의 불편은 물론이고 마을 주민들까지 병원 신세를 지는 지경에 이르렀..
Conservative	이인람 전 군사망사고진상규명위(이하 진상규명위) 위원장이 작년 초 천안함 폭침 사건 재조사를 머뭇거리던 실무자에게 “너 한나라당(현 국민의힘) 지지자냐”며 재조사를 압박했다는 내부 증언이 나왔다. 최근 감사원은 천안함 사건은 원인이 명확해 재조사 대상이 되지 않는데도 이 전 위원장이 부당하게 재조사를 지시했다는 감사 결과를 발표한 바 있다. 문재인 전 ..
Conservative	"“인생은 아름답고, 역사는 발전한다.”
 
 
 김대중 전 대통령은 2009년 1월 7일 일기에 이렇게 썼다. 입원 직전 썼던 2권의 일기장은 그의 서거(2009년 8월 18일) 후 소책자로 정리돼 출간됐고, 해당 문구는 책 표지 제목으로 쓰였다. 피랍ㆍ가택 유폐에서 대통령 당선까지 파란만장했던 그의 생애가 압축된 대표적 표현이다.
 
 
 13년 전 .."
Conservative	"1970년대 미국 최대 정치 스캔들인 ‘워터게이트 사건’을 특종 보도해 현직 대통령을 물러나게 했던 밥 우드워드와 칼 번스틴이 공동 기고문을 통해 “트럼프 전 대통령은 (워터게이트의 장본인인) 리처드 닉슨 대통령의 상상력조차 뛰어넘는 기만행위를 했다”며 “(선거 사기론을 퍼뜨린) 트럼프는 미국 역사상 최초의 ‘선동(煽動)적 대통령’”이라고 했다. 
 
.."
Conservative	"민주당이 3 9 대선에 이어 6 1 지방선거에 패배한 뒤 혁신 비상대책위원회를 구성하겠다고 한다. 하지만 대선에 지고도 ‘졌잘싸(졌지만 잘 싸웠다)’라며 반성 없이 국회에서 폭주해 또 한 번의 심판을 자초한 이들이 무엇을 혁신하겠다는 것인지 궁금하다. 
 
대선 후보였던 이재명 의원은 검찰 수사에 대비한 ‘방탄 출마’ 논란을 빚으면서도 보궐선거를 통해 .."
Conservative	"이제는 보수가 거울 앞에 서야 할 때다. 선거의 계절이 막을 내렸다. 대통령 선거와 지방 선거에서 연달아 패한 민주당은 당분간 내홍을 겪을 것이다. 앞으로 선거 없는 22개월 동안 국민들의 시선은 민주당 집안싸움 구경보다는, 윤석열 정부의 문제 해결 능력에 더욱 쏠릴 것이다. 
 
6 1 지방 선거 뒤 대통령 일성이 “여러분은 지금 집 창문이 흔들리고 .."
Conservative	"6 1 지방선거에서 비례대표를 제외한 광역 기초의원 여성 당선인 비율이 전체의 22.6%로 집계됐다. 2018년 지방선거 당시 광역 기초의원 여성 당선인은 전체의 19%로, 4년 만에 여성의 지방자치 참여가 더 활발해졌다고 해석될 수 있는 대목이다. 
 
이번 제8회 전국동시지방선거에서 전체 시 도의원 지역구 당선인 779명 가운데 여성은 115명(14.."
Conservative	"더불어민주당이 6 1 지방선거 패배로 후폭풍에 휩싸인 가운데 당 쇄신과 전당대회 관리를 맡을 ‘혁신형 비대위’ 구성에 관심이 쏠리고 있다. 민주당은 지난 3일 당무위원-국회의원 연석회의를 갖고 혁신형 비대위를 꾸리기로 했지만, 계파 간 충돌이 계속되고 있어 구성 단계부터 진통이 예상된다. 
 
민주당 박홍근 당대표 권한대행은 6일 원외 지역위원장 시도당.."
Conservative	6 1 지방선거에서 4년 만에 창원시장 자리를 탈환한 국민의힘 홍남표(61) 당선인은 침체된 지역 경제 살리기를 최우선 과제로 꼽았다. 그는 지난 3일 본지 인터뷰에서 “‘경제 살리기와 일자리 창출’이라는 시대정신과 ‘혁신’이 필요하다는 시민 요구가 합쳐져 제가 당선될 수 있었다”며 “탈원전 정책으로 무너진 창원 원전 산업 생태계를 복원할 것”이라고 했..
Conservative	"우크라이나를 방문 중인 이준석 국민의힘 대표는 4일(현지 시각) 서부 도시 르비우에서 “(현지에서) 의약품이라든지 장기간 보관 가능한 형태의 식품 등의 지원을 요청하고 있다”고 했다. 이 대표는 이번 방문 과정에서 볼로디미르 젤렌스키 우크라이나 대통령을 예방할 것으로 알려졌다. 
 
이 대표는 이날 르비우에서 현지 NGO(비정부기구) 관계자들과 만찬 간.."
Conservative	"더불어민주당에서 6 1 지방선거 참패를 둘러싼 책임 공방이 이어지고 있다. 친문(親文)계를 중심으로 “명분 없는 출마로 책임이 있는 이재명 의원이 당대표에 나서지 말아야 한다”는 요구가 분출하는 가운데, 친명(親明)계에선 이 같은 반발을 두고 ‘이재명 죽이기 기획설’이라는 말까지 나왔다. 
 
당내 강경파로 이 의원을 지원했던 ‘처럼회’ 소속 김남국 의.."
Conservative	"북한의 미사일 소나기 발사에 앞서 한미 양국 해군은 지난 2~4일 일본 오키나와 인근 해상에서 미 핵추진 항모 로널드레이건함과 한국 대형 상륙함 마라도함 등 7척의 함정이 참가한 가운데 대북 경고성 항모 연합 훈련을 실시했다. 미 핵추진 항모를 동원한 한미 연합 해상 훈련은 지난 2017년 11월 이후 4년 7개월여 만이다. 
 
합동참모본부는 “지난 .."
Conservative	5일 오전 주류업체 하이트진로의 청주공장 입구. 민주노총 화물연대 조합원 수십 명이 욕을 하면서 공장 밖으로 나오는 화물 운송 차량을 향해 계란을 던졌다. 이들은 2일부터 하이트진로 이천 청주공장의 차량 진입을 막고 있다. 지금은 하이트진로만의 문제지만 여파는 커질 전망이다. 화물연대가 7일부터 무기한 총파업에 돌입한다고 예고했기 때문이다. 안전운임제 ..
Conservative	"“남북한 간의 체제 경쟁이 30여 년 만에 다시 시작됐다. 핵과 미사일 개발에 총력을 쏟아부은 북한이 미국 본토 공격이 가능한 핵 미사일을 확보했거나 조만간 갖게 될 것이기 때문이다. 북한은 이제 남한을 적화통일, 즉 남벌(南伐) 대상으로 삼고 있다.” 
 
안드레이 란코프(59) 국민대 교수는 “북한의 도전을 윤석열 정부가 과소평가하거나 착각해선 안 .."
Conservative	더불어민주당이 6 1 지방선거와 국회의원 보궐선거에서 참패한 가운데, 민주당 운동권 주류와 거리가 있는 비운동권, 중도, 고스펙 후보들이 생환했다. 야권 관계자들은 5일 “민주당이 변하려면 사람과 노선부터 바꾸라는 의미 아니겠느냐”며 “이번 선거를 계기로 당의 체질을 바꾸지 않으면 2년 뒤 총선, 5년 뒤 대선도 밝지 않다”고 했다. 민주당은 8월 차기..
Conservative	21대 국회 후반기가 지난달 30일 시작됐지만, 여야 원(院) 구성 협상은 5일까지 진척이 없다. 국회법에 따르면 여야는 지난달 29일까지 국회의장단, 상임위원장 인선을 끝내야 했다. 국회 출범이 지연되면서 윤석열 정부 내각 후보자에 대한 인사 청문 절차도 차질이 불가피하다는 전망이 나온다. 현재 박순애(교육부) 김승희(보건복지부) 장관 후보자, 김승겸..
Conservative	윤석열 대통령이 이번 주 중 공정거래위원장과 금융위원장, 금융감독원장 후보를 발표할 것으로 알려진 가운데 일부 자리에 검사 출신 인사들이 유력 후보로 거론되고 있다. 실제로 마무리 단계에 접어든 윤석열 정부 1기 내각과 대통령실 인선에서 검찰 출신 약진이 두드러진다. 윤 대통령은 지난 3일 국가정보원 기획조정실장에 조상준 전 대검 형사부장을, 국무총리 ..
Conservative	"“3년에 걸쳐 촬영했지만 북한 당국을 속이기 위해 신분을 위장한 것은 10년 전부터다. 그 10년이 두 시간짜리 다큐멘터리가 된 셈이다. 이 영화가 공개돼 내 정체가 노출됐지만 두렵지는 않다.” 
 
북한의 무기 밀매 실태를 폭로한 다큐멘터리 영화 ‘잠입(The Mole)’의 배우 울리히 라르센(46 덴마크)은 평범한 남자처럼 보였다. 서울락스퍼영화제 .."
Conservative	북한은 5일 오전 9시 8분쯤부터 43분쯤까지 평양 순안 등 4곳에서 동해상으로 8발의 단거리 탄도미사일을 연속 발사했다. 한 미가 항공모함을 동원한 연합훈련을 마친 지 하루 만이었다. 합동참모본부는 이들 미사일의 비행거리가 약 110~670㎞, 최대 고도가 약 25~90㎞, 속도는 마하 3~6으로 탐지됐다고 전했다. 북한은 변칙 기동을 하는 KN-23..
Conservative	6 1 지방선거에서 승리한 당선인 중 전임 단체장이 추진했던 주요 사업을 폐지하거나 재검토하겠다는 방침을 밝힌 경우가 많아 각 지역 정책 변화를 예고하고 있다. 이는 지방 권력이 교체됐다는 것을 상징적으로 보여주는 사례다. 전문가들은 “충분한 논의와 타당성 검토 없이 추진한 사업은 사업성을 면밀히 재검토할 필요가 있다”면서도 “자칫 ‘전임자 흔적 지우기..
Conservative	러시아군이 38일 만에 우크라이나 수도 키이우를 미사일로 공격해 5일 키이우 곳곳에서 연쇄 폭발이 일어났다. AP통신 등에 따르면 비탈리 클리치코 키이우 시장은 이날 텔레그램을 통해 “키이우 북동부 다르니츠키와 드니프로우스키에서 연쇄 폭발 사고가 발생했다”고 밝혔다. 우크라이나 공군은 “러시아의 TU-95 전략폭격기가 카스피해에서 여러 발의 순항미사일을..
Conservative	지난달 16일 정부과천청사 고위공직자범죄수사처. 김진욱 처장은 공수처 출범 1년 4개월 만에 첫 기자간담회를 열고 “미숙한 모습을 보여드린 데 대해 송구스럽게 생각한다”며 고개를 숙였다. 그러면서도 “(당초보다 인원이 줄어) 처 차장 포함해 검사 25명, 수사관 40명, 일반 직원 20명이 되면서 ‘종이호랑이’가 됐다는 보도도 나온 바 있다”고 인력난을..
Conservative	"1일 아침, 작고 흰 공간에 서서 한참을 망설였다. 위아래로 긴 종이들 앞에선 거침이 없었는데, 유독 좌우로 긴 종이 한 장 앞에서 미적거리게 됐다. 정당 추천이 금지돼 후보들이 선거구마다 순서를 달리해 가로로 배치되는 교육감 투표용지였다. 
 
 결국 짜증인지 체념인지 모를 감정을 도장에 실어 누르고 나왔지만 찜찜함은 가시지 않았다. 교육감이라는 이름.."
Conservative	문민정부 탄생부터 시작하면 지금까지 총 22번의 전국 규모 선거가 있었다. 7명의 대통령 중 정권 출범 직후인 허니문 기간에 첫 선거를 치른 대통령은 김대중(DJ), 이명박(MB), 윤석열 등 3명이다. DJ는 취임 후 99일 만에 제2회 지방선거를, MB는 44일 만에 18대 총선을, 윤 대통령은 22일 만에 이번 제8회 지방선거를 치렀다. 나머지 대..
Conservative	윤석열 대통령은 지난달 취임 후 첫 국회 시정연설에서 연금 개혁을 노동 교육 개혁과 함께 위기 극복을 위한 3대 선행 과제로 제시했다. 그만큼 절박하다는 뜻이다. 정부는 연금 개혁을 논의할 사회적 대타협 기구인 ‘공적연금 개혁위원회’를 만든다는 계획이다. 정부가 구체적인 개혁안을 발표하지 않는 대신, 전문가와 이해 관계자들이 모여서 합의하도록 유도하겠다..
Conservative	"북한이 5일 오전 평양 순안 등 4곳에서 단거리탄도미사일(SRBM) 8발을 동해상으로 집중 발사했다. 북한이 8발의 탄도미사일을 무더기로 발사한 건 이번이 처음이다. 윤석열 정부 출범(지난달 10일) 후에만 세 번째 미사일 도발이다. 
 
 윤 대통령은 이날 김성한 국가안보실장 주재로 열린 국가안전보장회의(NSC) 상임위원회 도중 배석해 이번 도발 내용.."
Conservative	"윤석열 대통령은 5일 오전 북한의 단거리 탄도미사일 시험 발사 사실을 보고받은 직후 당초 계획했던 일정을 취소하고 대통령실로 출근했다. 
 
 대통령실에 따르면 이날 윤 대통령은 부인 김건희 여사와 함께 5일 세계환경의 날을 맞아 서울 서초구 반포한강공원 달빛광장에서 열린 환경 미화 행사에 참여하기로 하고 관련 준비를 했던 것으로 전해졌다. 윤 대통령 .."
Conservative	"북한이 5일 오전 평양 순안 등 4곳에서 단거리탄도미사일(SRBM) 8발을 동해상으로 집중 발사했다. 북한이 8발의 탄도미사일을 무더기로 발사한 건 이번이 처음이다. 윤석열 정부 출범(지난달 10일) 후에만 세 번째 미사일 도발이다. 
 
 윤 대통령은 이날 김성한 국가안보실장 주재로 열린 국가안전보장회의(NSC) 상임위원회 도중 배석해 이번 도발 내용.."
Conservative	"국민의힘 이준석 대표가 4일(현지 시간) 우크라이나에서 비정부기구(NGO) 관계자들과 만나 피란민 지원 대책 등을 논의했다. 이 대표와 국민의힘 소속 의원들은 3일 오후 정당 대표단 자격으로 우크라이나로 출국했다. 
 
 5일 국민의힘에 따르면 이 대표는 4일 우크라이나 서부 거점 도시인 르비우에서 박성민 김형동 허은아 정동만 태영호 의원 등 국민의힘 .."
Conservative	"신종 코로나바이러스 감염증(코로나19) 의심 환자가 400만 명을 넘어선 북한 당국이 세계보건기구(WHO)에 코로나19 변이 바이러스에 대해 문의한 것으로 알려졌다. 북한에 오미크론 바이러스가 퍼졌을 가능성이 제기된다. 
 
 에드윈 살바도르 WHO 평양사무소장은 4일(현지 시간) 미국의소리(VOA) 방송에서 “WHO는 북한 보건성의 코로나19 변이와 .."
Conservative	윤석열 대통령이 29, 30일 스페인 마드리드에서 열리는 북대서양조약기구(NATO 나토) 정상회의에 참석하는 방안을 유력하게 검토 중인 것으로 확인됐다. 앞서 조 바이든 미 행정부는 나토와 아시아 동맹국들 간 협력을 강화할 것이라며 정상회의에 한국과 일본 등 아시아 동맹국들이 참석한다고 밝힌 바 있다. 윤 대통령이 이번 정상회의에 참석한다면 중국을 포위..
Conservative	조 바이든 미국 대통령이 외교안보 전략의 최고 지침인 국가안보전략(NSS)에 중국과 러시아에 의한 안보 위협이 연결돼 있다는 점을 강조하고 이에 맞서 아시아와 유럽 동맹국들을 규합한 공동 대응을 추진하겠다는 구상을 담을 것으로 알려졌다. 전임 도널드 트럼프 대통령이 2017년 발표한 이후 5년 만에 내놓을 NSS에서 중-러를 동시 견제하기 위한 아시아-..
Conservative	"더불어민주당 내홍의 핵심은 차기 당권이다. 2024년 총선 공천권을 쥘 차기 당 대표 자리를 두고 야권에서는 이미 다양한 하마평이 거론되며 내부 격돌도 막이 오른 상태다. 
 
 차기 당권 주자로 가장 먼저 거론되는 건 이재명 의원이다. 6 1지방선거 전부터 ‘이재명계’는 이 의원의 전당대회 출마를 준비해 왔지만 친문(친문재인) 진영은 강력히 반발하고 .."
Liberal	매번 투표할 때면 누구를 찍을지, 어느 당을 찍을지 고민을 하게 된다. 나는 오랫동안 녹색당원이었다. 그렇지만 현실에서는 선택지가 거의 없다. 한동안 권영길에게 투표했고, 문재인에게는 두 번 투표했다. 지난번 대선은 고민을 많이 했는데, 결국 심상정에게 투표했다. 이번 지방선거에서는 서울시장은 권수정에, 정당은 녹색당에, 그리고 나머지는 전부 민주당을 ..
Conservative	"더불어민주당이 6 1지방선거 참패 책임론을 둘러싸고 내홍에 휩싸이면서 고위공직자 국회 인사청문회 논의가 사실상 ‘올스톱’됐다. 인사청문회를 실시하려면 소관 국회 상임위원회가 구성돼야 하는데, 민주당이 지도부 공백 상태가 되면서 21대 국회 후반기 원 구성 협상 자체가 중단됐기 때문이다. 
 
 5일 현재 인사청문회를 기다리고 있는 후보자들은 박순애 사회.."
Liberal	개발공약은 선거 때마다 후보들이나 정당에서 가장 많이 제시하는 공약 중 하나이다. 지난 20대 대통령선거 때는 물론이고 며칠 전 치러졌던 지방선거에서도 소위 묻지마식 개발공약이 난무했다. 즉 각종 산업단지와 특구 조성, 신공항 항만 철도 도로 건설, 케이블카 설치 등의 공약들이 지방선거를 뒤덮었다. 경제정의실천시민연합이 중앙선거관리위원회에 등록된 17개..
Conservative	6 1지방선거 패배로 촉발된 더불어민주당 내 친문(친문재인)과 친명(친이재명) 진영 간 대립이 이재명 의원과 문재인 정부를 둘러싼 ‘평가 공방’으로 확산되는 양상이다. 친문 진영이 대선, 지방선거 패배 평가와 함께 이 의원과 송영길 전 대표의 공천 과정도 문제 삼고 나서자 친명 진영은 “패배 책임은 문재인 정부와 민주당 자체에도 있다”고 응수하고 나선 ..
Conservative	1일 치러진 교육감 선거를 통해 보수 교육감은 8명으로 늘었지만 여전히 진보 교육감보다 1명 적다. 하지만 당선자들의 출신 단체를 보면 보수 성향인 한국교원단체총연합회(교총) 출신이 8명으로, 전국교직원노동조합(전교조) 출신(6명)보다 많다. 지금까지는 전교조 출신이 압도적으로 많았던 것과 대조적이다. 교육계에서는 이번 선거를 기점으로 교육 정책의 기조..
Conservative	"조 바이든 미국 대통령이 지난달 31일 백악관에서 K팝 그룹 방탄소년단(BTS)과 만났을 때 BTS 노래를 틀어준 영상을 4일 트위터에 공개했다. 
 
 4분 50초 분량의 이 영상에서 바이든 대통령은 백악관 집무실 소파와 스툴(등받이와 팔걸이가 없는 의자)에 앉은 BTS에게 “집에 온 것처럼 느끼게 해주겠다”며 책상 위 노트북으로 히트곡 ‘버터’를 틀.."
Conservative	"옛 대통령 휴양시설인 ‘청남대’의 전두환 전 대통령 동상에 가시철조망이 둘러졌다가 철거됐다. 
 
 5일 청남대관리사업소에 따르면 전날 낮 12시경 충북 청주시 문의면 청남대를 방문한 ‘충북 5 18 민중항쟁 42주년 행사위원회’ 회원 10여 명이 전 전 대통령 동상의 몸통과 안내판에 가시철조망을 감았다. 사업소 직원들은 현장에 나가 철거를 요청한 뒤 .."
Conservative	5일 북한의 탄도미사일 8발 무더기 발사는 초유의 일이다. 김정은 북한 국무위원장이 ‘건국 이래 대동란’이라던 코로나 사태 발생을 선언한 지 3주 만이다. 한미가 4년 7개월 만에 핵추진 항공모함을 동원한 연합훈련을 마친 지 하루 만이고, 한 미 일 북핵 대표가 서울에서 협의를 마친 직후다. 실제 미사일의 방향이 동해가 아닌 남쪽이라면 과연 방어가 가능..
Liberal	"지방선거가 국민의힘의 완승으로 끝나자 윤석열 대통령은 정당 정치적 승리보다 경제와 민생을 얘기해야 할 때라며 이를 위해 협치도 가능하다는 여운을 남겼다. 상황에 따라서는 국민의힘을 견제한 발언으로 볼 수도 있다. 정당 정치적 승리를 통해 여당인 국민의힘이 당내 기반이 약한 윤석열 정부를 통제하려는 시도를 할 수 있기 때문이다. 

 실제 정부의 성패는 .."
Liberal	누가 봐도 명백한 진보 진영의 후퇴다. 민주당과 정의당 후보가 대거 낙선한 결과보다 진보의 크고 작은 텃밭에서 일찌감치 투표를 포기한 유권자가 많았다는 사실이 뼈아픈 패배다. 선거로 이기고 지는 일이야 정당의 상사다. 그러나 이번엔 상대가 잘해서 진 것도 아니다. 지난 대통령 선거 때부터 자중지란에 빠져 하나씩 둘씩 동지를 내쫓고 지지자를 내치다 보니,..
Conservative	"“(교육감)누굴 뽑아야 해? 한 명 골라줘.” 
 
교육 담당 기자로서 6 1 지방선거 직전 이런 질문을 수 없이 들었다. 시장⋅도지사 선거와 달리 교육감 선거는 선택에 애를 먹는 사람들이 많았다. 소속 정당도 안 써 있고 번호도 없으며 공약에 어떤 차별성이 있는지 분간하기 힘들다는 호소다. 교육감 선거에서 매번 100만명 가까운 무효표가 나오는 것도 .."
Conservative	한미 정상이 지난달 발표한 8719자 길이의 공동성명에 대해 대다수 언론은 첫 의제인 북핵 문제를 헤드라인으로 뽑았다. 하지만 이번 공동성명서에서 가장 큰 비중을 차지한 것은 따로 있었다. 안보에 1514자를 할애한 반면, 절반이 넘는 4500여 자는 과학기술 동맹에 관한 내용으로 채워졌다. 특히 더 주목해야 할 점은 공급망, 원자력, 우주, 탄소 중립..
Liberal	"바야흐로 검사들의 전성시대다. 검찰밥을 먹어야 관가에서 행세깨나 하고 명함을 내밀 수 있는 시절이 되었다.

대통령실은 집사와 문고리부터 인사라인까지 검찰 출신이 꿰찼다. 고위공직자를 추천하는 인사기획관은 검찰 수사관 출신이다. 그를 보좌하는 인사비서관, 고위공직 후보자를 2차 검증하는 공직기강비서관은 검사 출신이다. 법률비서관도 검사 출신이다. ‘대통.."
Conservative	"오늘 6일은 제67회 현충일이다. 오전에 국립서울현충원에서 윤석열 대통령이 참석한 가운데 현충일 추념식이 엄숙하게 거행될 것이다. 취임사에서 자유를 35회나 언급한 윤 대통령은 자유를 지키려다 산화한 호국영령과 순국선열 추모 및 선양 의지를 앞선 정부보다 더 강하게 천명할 것으로 보인다. 
 앞서 문재인 정부 때는 당시 집권당 일각에서 천안함 폭침과 연.."
Conservative	"━
 5%대 고물가에 윤 대통령 “경제 위기 태풍” 
 
 ━
 선거 없는 2년, 경제 체질 개선에 집중해야 
 정부와 한국은행의 예상대로 5%대 물가가 수치로 확인됐다. 지난 3일 통계청이 발표한 5월 소비자물가는 1년 전보다 5.4% 올랐다. 13년9개월 만에 최고 상승률이다. 석유류(34.8%)와 축산물(12.1%)이 많이 올랐는데 각각 국제유가와.."
Conservative	"━
 대통령실 내각 등 권력기관 요직 대거 차지 
 
 ━
 개인 인연 넘어 자리에 맞는 인물 등용해야 
 윤석열 대통령의 고위 공직자 인사 스타일을 놓고 설왕설래가 계속되고 있다. 능력을 우선했다지만, 전 현직 검찰 출신을 지나치게 선호해 인사를 둘러싼 우려의 목소리가 작지 않다. 지난 3일에는 국가정보원 기획조정실장에 조상준 전 서울고검 차장검사를,.."
Conservative	"이준석 국민의힘 대표와 소속 의원들이 우크라이나를 방문 중인 가운데 러시아군이 38일 만에 우크라이나 수도 키이우를 미사일로 공격했다. 이 대표 등은 지난 4일(현지시간) 우크라이나 서부 르비우에 도착해 현지 비정부기구(NGO) 관계자들과 저녁 식사를 하며 간담회를 열었다. 
 
 비탈리 클리치코 키이우 시장은 5일 “러시아군의 미사일이 키이우의 불특정.."
Conservative	"권성동 국민의힘 원내대표는 5일 중앙일보와의 통화에서 “극단주의에 치우치면 당의 앞날이 보장되지 않는다”며 당의 ‘중도 확장’ 원칙을 재확인했다. 
 
 지난 3일 페이스북에 “지난 5년 더불어민주당은 위기가 올 때마다 극단주의자들에 의지했고, 득세한 극단주의자들이 다시 위기를 불러오는 악순환을 반복했다”고 지적한 데 대한 부연 설명이었다. 
 
 국민.."
Conservative	"윤석열 정부가 출범한 지 만 1개월도 채 안 됐지만 요즘 여당에선 벌써부터 “윤 대통령의 후계자가 누구냐”는 말이 심심찮게 들린다. 특히 6 1 지방선거와 국회의원 보선에서 여당의 차기 대선주자 세 명이 나란히 당선되자 이들의 행보에 이목이 쏠린다. 
 
 오세훈 서울시장은 선거 다음 날인 2일 서울시청에 출근해 업무를 재개했다. 그는 차기 대선주자로 .."
Conservative	친문(親文) 대 친명(親明) 그룹 간 내전으로 치닫는 듯했던 더불어민주당의 지방선거 패배 책임 공방이 5일 잠시 소강 국면을 맞았다. 지방선거 패배 다음 날인 지난 2일, 국회의원 당무위원 연석회의가 열린 3일 친문과 친낙(친이낙연)그룹은 일제히 ‘이재명 책임론’을 제기했고, 4일 “이재명 죽이기”라는 친명의 반격이 이어졌지만 공방은 이날 뚝 끊겼다. ..
Conservative	윤석열 대통령이 북한의 미사일 발사와 관련해 5일 오전 용산 대통령실 에서 열린 국가안보보장회의(NSC) 상임위원회에 참석하고 있다. [사진 대통령실사진기자단]
Conservative	"북한이 5일 오전 9시8분부터 9시43분까지 35분 동안 평양 순안, 평남 개천, 평북 동창리, 함남 함흥 일대 등 네 곳에서 각 두 발씩 총 8발의 단거리 탄도미사일(SRBM)을 시험발사했다. 
 
 합동참모본부는 이날 “각 미사일의 비행거리는 약 110~670㎞, 고도는 약 25~90㎞, 속도는 마하 3~6으로 탐지됐다”며 “세부 제원은 한 미 정보.."
Conservative	"“크든 작든 구시대 유물인 관사는 구중궁궐이다. 시 도지사가 관사에 살 이유는 없다.”(박완수 경남지사 당선인) 
 
 ‘후진국형 공관’(관사) 문화가 공직사회에서 점차 퇴출되고 있다. 지난 6 1 지방선거를 통해 당선된 지방자치단체장들이 속속 관사 폐지를 약속하면서다. 중앙일보는 ‘공관 대수술’ 기획 보도(중앙일보 4월 7일자 1, 4, 5면, 8일자.."
Conservative	지난 2015년 12월 28일 한 일 위안부 합의 과정에서 외교부가 당시 정대협(현 정의기억연대) 윤미향 대표(현 무소속 국회의원)와 수차례 면담한 사실이 최근 확인되었다. 한반도 인권과 통일을 위한 변호사모임(한변)이 '동북아국장-정대협 대표 면담 결과' 등 4차례 면담 내용을 적은 4건의 문건을 공개한 것이다. 앞서 지난 2020년 위안부 피해자인 ..
Conservative	북한이 어제 평양 순안과 평북 동창리, 평남 개천, 함남 함흥 등 4곳에서 단거리미사일 2발씩 모두 8발을 동해상으로 쐈다. 올해 들어 18번째, 윤석열 정부 출범 후 3번째 무력시위다. 북한의 7차 핵실험이 임박했다는 관측이 나오면서 한미가 일본 오키나와 인근 해상에서 미군 핵추진 항공모함이 동원된 연합 해상훈련을 마친 지 하루 만이다. 한미일 3국은..
Conservative	윤석열 대통령은 3일 국가정보원 기획조정실장에 조상준 전 서울고검 차장검사를, 국무총리비서실장에 박성근 전 서울고검 검사를 각각 임명했다. 조 실장은 검사 시절 윤 대통령과 같은 수사팀에서 근무한 인연이 있는, 대표적인 윤석열 라인 인사 중 한 명이다. 박 실장도 검찰의 공안과 기획 분야에서 오래 일했다. 그동안 윤 대통령의 지나친 검찰 편향 인사에 대..
Conservative	"친명(친이재명)계 인사들이 5일 일제히 더불어민주당 전당대회 룰 변경을 요구하고 나섰다. 권리당원의 권한을 확대하자는 취지다. 이는 이재명 의원에게 유리한 안으로 평가된다. 사실상 이재명 당대표 만들기에 돌입한 것이라는 분석이 나온다. 
 
대선 기간 이재명 후보 선대위 대변인을 맡았던 현근택 변호사는 이날 페이스북을 통해 “전당대회 룰을 바꾸어야 한다.."
Conservative	북한이 5일 35분간 탄도미사일 8발을 연속 발사한 것은 윤석열 정부 출범 이후 세 번째 도발이자, 올해 들어서만 18번째 미사일 무력시위다. 앞서 한미 양국 해군은 지난 2~4일 일본 오키나와 근해에서 미 핵 추진 항모 로널드레이건함과 한국 대형 상륙함 마라도함 등을 동원한 가운데 4년 7개월 만에 항모 연합 훈련을 실시했다. 북한의 미사일 소나기 발..
Conservative	"음주운전 이력이 있는 박순애 사회부총리 겸 교육부 장관 후보자(56)가 2001년 적발 당시 운전면허 취소 기준을 크게 웃도는 만취 상태였던 것으로 확인됐다. 박 후보자는 당시 만 35세로 숭실대 행정학과 조교수였다. 
 
권인숙 더불어민주당 의원실이 5일 대법원으로부터 제출받아 공개한 자료에 따르면 박 후보자는 지난 2001년 12월 17일 오후 11.."
Liberal	"윤핵관 안철수 등 여권 주도권 경쟁 의식 조기 출발 양상
‘성비위 의혹 돌파용’ 해석도 안 의원, 혁신위 우회 비판



이준석 국민의힘 대표(사진)가 6 1 지방선거가 끝나고 더 바빠졌다. 당 혁신위원회를 출범시키고, 우크라이나를 찾았다. 언론 인터뷰에도 적극 나서고 있다. 지방선거 이후 존재감을 키워 여권 내 주도권을 잃지 않겠다는 의도로 해석된다..."
Liberal	"“당서 발목 잡아” 작심 발언 
6일 충청 방문 ‘전국 행보’ 
경기지사 승리 후 위상 변화 

이재명 그늘 벗고 대항마로 
당내 ‘새 구심점’될지 관심

6 1 지방선거에서 극적으로 역전승한 김동연 경기지사 당선인(사진)이 연일 정치적 존재감을 부각하고 있다. 더불어민주당을 작심 비판하면서 혁신 의지를 밝히는 등 중앙정치에 적극적인 목소리를 내고 있다.."
Liberal	"DJ 묘소 참배로 ‘출국 인사’
조지워싱턴대서 1년간 일정
당 상황 따라 조기복귀 관측



이낙연 더불어민주당 전 대표가 7일 미국으로 떠난다. 이 전 대표의 향후 정치 행보에 관심이 쏠린다.

이 전 대표는 이날 김대중 전 대통령 묘역을 참배했다. 이 전 대표는 사회관계망서비스(SNS)에 “미국으로 떠나기 이틀 전, 국립현충원 김대중 전 대통령님 내.."
Liberal	"스페인서 이달 29~30일 개최 한 일 호주 뉴질랜드도 초청
일 언론 “기시다 총리 참석”에 2년 반 만에 정상회담 가능성
과거사 등 현안 진전 필요 박진, 이달 중순 방일 ‘조율’ 예상



윤석열 대통령과 기시다 후미오(岸田文雄) 일본 총리(사진)가 오는 29~30일 스페인 마드리드에서 열리는 북대서양조약기구(나토) 정상회의를 계기로 한 일 정상회담.."
Liberal	"‘혁신형이냐, 관리형이냐’ 당 주도권 놓고 내홍



“대선 평가”에 친명 “조기 전대” 권리당원 투표비율 이견
“심판받은 후보 출마 처음” 비판에 “분열해선 안 돼” 맞서 
비대위원장 인선 따라 ‘이재명 입지’도 갈려 갈등 커질 듯

6 1 지방선거에서 패배한 더불어민주당이 혁신 비상대책위원회 구성에 합의했지만 내홍에 시달리고 있다. 비대위원장 인선,.."
Liberal	"동시 타격 능력 과시 올해만 9일에 한 번꼴, 윤 대통령 취임 후 세 번째



북한이 5일 평양 순안 등 4곳에서 동해상으로 단거리 탄도미사일 8발을 발사했다. 북한의 미사일 발사는 남한 등 여러 목표물에 대한 동시타격 능력 과시와 함께 한 미 해군의 연합훈련에 대한 맞대응 차원인 것으로 보인다.

합동참모본부는 이날 “북한이 오늘 오전 9시8분쯤부터.."
Conservative	"더불어민주당은 북한이 5일 동해상을 향해 단거리탄도미사일(SRBM)을 발사한 것에 대해 ""윤석열 정부는 북한을 대화의 장으로 이끌 해법을 제시하라""고 촉구했다. 
 
 오영환 민주당 원내대변인은 이날 오후 서면 브리핑을 통해 ""한반도 긴장을 고조시키는 북한의 도발을 규탄한다""고 말했다. 
 
 오 원내대변인은 ""북한의 오늘 탄도미사일 발사는 올해 들어서.."
Conservative	"김용태 국민의힘 최고위원은 고민정 더불어민주당 의원이 자신이 이재명 의원을 비판했다는 논란에 대해 ‘언론의 제목장사’라고 부인하자 “적반하장”이라고 했다. 
 
김용태 최고위원은 4일 페이스북을 통해 “고민정 의원님을 향한 비난과 질책이 이 곳 저 곳에서 쏟아져 나오는 것은 민주당을 분열시키려는 프레임이 아니라, 진정 민주당의 혁신과 쇄신을 바라는 목소.."
Liberal	21대 국회가 후반기 원(院)구성조차 못한 채 1주일째 공백 상태다. 지난달 29일 열린 국회 본회의를 마지막으로 박병석 국회의장을 비롯한 전반기 국회의장단은 임기를 마쳤다. 지방선거를 치르고 나면 원구성 협상이 곧바로 재개될 것으로 예상됐으나, 여야 원내대표단은 협상에 나서지 않고 있다. 국회 법사위원장 자리를 두고 여야가 다투는 데다, 제1야당인 더..
Liberal	"북한이 탄도 미사일을 잇따라 발사한 5일 일본 자위대와 미군은 미사일 방어 공동 훈련을 실시했다.

일본 자위대 통합막료감부(한국의 합동참모본부)는 이날 자료를 내어 “북한의 거듭된 탄도 미사일 발사 등 안전보장 환경이 점점 엄중해지는 가운데, 자위대와 미군은 일-미 공동 탄도미사일 대처 훈련을 실시했다”고 발표했다.

일본 <엔에이치케이>(NHK) 방.."
Conservative	"국민의힘 혁신위원회에 전남 순천갑 당협위원장인 천하람(35) 변호사가 혁신위원으로 합류할 것으로 알려졌다. 또 정희용 의원(45세, 경북 고령 성주 칠곡)의 혁신위원 발탁도 거론된다. 혁신위에 ‘젊은 피’가 상당수 합류할 가능성이 있다는 얘기다. 
 
최재형 국민의힘 혁신위원장은 최근 천 변호사에게 “당 혁신위원을 맡아달라”고 요청했다. 천 변호사는 5.."
Conservative	"전해철 더불어민주당 의원은 이재명 민주당 의원의 당 대표 출마설이 나오는 것에 대해 “적절하지 않다”고 했다. 전해철 의원은 문재인 전 대통령의 최측근 그룹인 ‘3철’(전해철 양정철 이호철) 중 한 명이다. 
 
전 의원은 5일 국민일보와의 인터뷰에서 “지금은 대선과 지방선거 패배에 대한 평가가 중요하기 때문에 (이 의원 측에서) 자꾸 당 대표(출마)를.."
Conservative	1일 치러진 교육감 선거를 통해 보수 교육감은 8명으로 늘었지만 여전히 진보 교육감보다 1명 적다. 하지만 당선자들의 출신 단체를 보면 보수 성향인 한국교원단체총연합회(교총) 출신이 8명으로, 전국교직원노동조합(전교조) 출신(6명)보다 많다. 지금까지는 전교조 출신이 압도적으로 많았던 것과 대조적이다. 교육계에서는 이번 선거를 기점으로 교육 정책의 기조..
Conservative	"여야는 북한이 5일 동해상으로 단거리 탄도미사일(SRBM) 8발을 발사한 것에 대해 논평을 내고 한목소리로 규탄했다. 
 
허은아 국민의힘 수석대변인은 이날 논평을 통해 “북한은 굳건한 한미동맹 일정에 따라 시위하듯 무력도발을 일삼고 있다”며 “한국과 미국의 관심을 끌기 위해 마치 이벤트처럼 과시하려 드는 북한의 노골적인 무력시위는 또 다른 제재를 초래.."
Liberal	"1964년 한일회담 반대 이끈 동년형 1980년 봄 전남대 복적생으로 ‘인연’ 동교동 방명록이 ‘내란 조작’ 불씨로 “모진 고문 ‘김대중 자금 수령’ 진술” 상무대 영창에서 자살 시도하기도“어이, 상윤이. 이번에 정동년도 같이 복학시키소.” “정동년이 누군데요?” “하기사, 자네들이 정동년을 알 턱이 없지.”

1980년 3월이었습니다. 박석무 선배가 .."
Conservative	"윤석열 대통령은 오는 8일 김창기 국세청장 후보자에 대한 인사청문경과보고서 재송부를 국회에 요청할 방침이다. 
 
 대통령실 관계자는 5일 ""윤 대통령이 오는 8일 김 후보자의 청문보고서 재송부를 요청할 방침""이라고 전했다. 
 
 김 후보자의 인사청문요청안은 지난달 16일 국회에 제출됐다. 인사청문요청안이 국회에 제출된 날로부터 20일 이내에 인사청문.."
Conservative	"신종 코로나바이러스 감염증(코로나19) 의심 환자가 400만 명을 넘어선 북한 당국이 세계보건기구(WHO)에 코로나19 변이 바이러스에 대해 문의한 것으로 알려졌다. 북한에 오미크론 바이러스가 퍼졌을 가능성이 제기된다. 
 
 에드윈 살바도르 WHO 평양사무소장은 4일(현지 시간) 미국의소리(VOA) 방송에 “WHO는 북한 보건성의 코로나19 변이와 특.."
Conservative	"미국이 이른바 ‘죽음의 백조’로 불리는 전략폭격기 B-1B 랜서 4대를 4일(현지시간) 괌 앤더슨 공군기지에 배치했다고 미국의 군사 전문매체 ‘더 워존’이 보도했다. 
 
매체는 이날 위성사진 서비스 ‘플래닛 랩스’(Planet Labs)를 통해 앤더슨 기지 활주로 옆 주기장에 B-1B 4대가 착륙해 있는 모습을 공개했다. 매체는 B-1B 배치 목적은 .."
Liberal	"[서울 말고] 박주희 | ‘반갑다 친구야!’ 사무국장

최근 지역의 여러 청년과 만나 이야기를 나눌 기회가 있었다. 지역 대안 언론에 6 1 지방선거에 출마한 2030 청년 후보들을 소개하느라 진보정당 소속 청년들을 만났다. 당선 가능성이 희박한 줄 알면서도 진보정당 이름으로 선거에 나선 청년들이다. 당 안팎의 사정을 따져 출마를 결정했겠지만, 용기 있.."
Liberal	"김산하 | 생명다양성재단 사무국장

또다시 선거철이 왔다가 갔다. 다른 말로 하자면 집단적 의사 선택의 계절을 또 한번 치른 것이다. 만인이 만인에 대한 철저한 무관심 또는 무한 경쟁의 세계에서 살다가 이따금 이렇게 한데 모여 중지를 모으는 일은 참으로 신기한 일이 아닐 수 없다. 하지만 매번 우리는 이를 해내고 있다. 구성원 모두가 참여해서 결정한다는.."
Liberal	"하반기 원 구성이 제대로 되지 않으면서 국회 공백 장기화에 대한 우려가 나온다. 이 때문에 국세청장 등 윤석열 정부 초대 인선 후보자들이 인사청문회도 거치지 않고 임명될 가능성까지 거론되고 있다.

현재 박순애 사회부총리 겸 교육부 장관 후보자, 김승희 보건복지부 장관 후보자, 김창기 국세청장 후보자, 김승겸 합참의장 후보자의 인사청문 요청안이 국회에 .."
Conservative	"미국 행정부는 4일(현지시간) 8발의 탄도미사일을 발사한 북한의 무력시위는 역내 평화를 해치는 행위라면서 북한의 반복되는 유엔 안전보장이사회 결의안 위반을 규탄했다. 
 
 미 국무부 대변인은 이날 ""북한의 계속되는 도발은 모든 국가에 위협이 되며 지역의 평화와 안보를 훼손한다""고 비판했다. 
 
 대변인은 ""국제사회는 다수의 유엔 안보리 결의안에 대한.."
Conservative	"옛 대통령 휴양시설인 ‘청남대’의 전두환 전 대통령 동상에 가시 철조망이 둘러졌다가 철거됐다. 
 
 5일 청남대관리사업소에 따르면 전날 낮 12시경 충북 청주시 문의면 청남대를 방문한 ‘충북 5 18 민중항쟁 42주년 행사위원회’ 회원 10여 명이 전 전 대통령 동상의 몸통과 안내판에 가시 철조망을 감았다. 
 
 사업소 직원들은 현장에 나가 철거를 .."
Liberal	검찰 출신을 대통령실과 내각 곳곳에 집중 등용해 ‘검찰 공화국’이라는 우려와 비아냥이 나온 지 오래인데 윤석열 대통령은 아예 귀를 닫은 듯하다. 윤 대통령은 지난 3일 국가정보원의 조직과 예산을 총괄하는 기획조정실장에 검찰 ‘윤석열 라인’의 핵심 일원이었던 조상준 변호사를 임명했다. 국무총리 비서실장에도 검사 출신인 박성근 변호사를 앉혔다. 공정거래위원..
Liberal	"러시아군이 전략폭격기를 동원해 수도 키이우를 미사일로 공격했다. 러시아군의 키이우 미사일 공격은 40일 만이다. 

러시아 국방부는 5일(현지시각) 러시아군이 장거리 로켓을 키이우를 향해 발사해 T-72 탱크와 장갑차량을 파괴했다고 밝혔다고 <로이터>가 보도했다. 이들 탱크와 장갑차량은 우크라이나가 동유럽 국가들로부터 넘겨받아 차량수리 건물에 보관돼 있.."
Liberal	"민주노총 공공운수노조 화물연대본부가 안전운임제 일몰제 폐지를 촉구하며 오는 7일부터 무기한 전면 총파업을 예고했다. 윤석열 정부 들어 첫 대규모 파업이 될 것으로 예상되는 가운데 정부가 파업 시작 전부터 강경대응 뜻을 밝히면서 긴장이 고조되고 있다. 이번 파업에 대한 정부 대응은 향후 5년간 노 정 관계의 가늠자가 될 것으로 보인다.

■화물연대 파업,.."
Liberal	"“야당 시절에는 일자리가 없었는데 요즘 보면 계속 (채용 공고가) 올라와요.”(한 국민의힘 국회의원 비서관)

국민의힘이 지난 3 9대선과 6 1지방선거에서 연달아 승리하면서 국민의힘 ‘일자리 시장’에도 훈풍이 불고 있다. 국민의힘은 최근 당협위원장이 대거 지방선거에서 당선되면서 공석이 된 47개 국회의원 지역구 조직위원장 공모를 시작했다. 윤석열 대통.."
Conservative	"친문(親文) 대 친명(親明) 그룹 간 내전으로 치닫는 듯했던 더불어민주당의 지방선거 패배 책임 공방이 5일 잠시 소강국면을 맞았다. 지방선거 패배 다음날인 2일과 국회의원ㆍ당무위원 연석회의가 열린 3일 친문그룹과 친낙(친이낙연)그룹은 일제히 ‘이재명 책임론’을 제기했고, 4일 “이재명 죽이기”라는 친명그룹의 반격이 이어졌지만 공방은 이날 뚝 끊겼다. 
.."
Conservative	"“중도 확장을 안 하면 당이 나아갈 길이 없다.” 
 권성동 국민의힘 원내대표는 5일 중앙일보와의 통화에서 “항상 극단주의에 치우쳐서 결정하다 보면 당의 앞날이 보장되지 않는다”며 당의 ‘중도 확장’ 원칙을 재확인했다. 그가 이틀 전 자신의 페이스북에 “지난 5년 더불어민주당은 위기가 올 때마다 극단주의자들에 의지했고, 득세한 극단주의자들이 다시 위기를.."
Liberal	"“정권이 바뀌어도 더불어민주당은 아직도 여당 같던데? 오만한 것 같다.” “민주당이 국민의힘에 비해 차악이려면 뭔가 달라야 하잖아요. 그 다른 점이 민주화 운동했다는 것 말고는 있나요?”

민주당을 지지해온 유권자들이 6 1 지방선거 직후 민주당을 향해 작심 발언을 쏟아냈다. 경향신문은 지난 2일과 4일 유권자 6명을 인터뷰했다. 민주당을 선택해왔지만 .."
Conservative	"윤석열 정부가 출범한 지 두 달도 지나지 않았고, 다음 대선은 2027년 3월에야 치러진다. 하지만 요즘 여당에선 벌써부터 “윤 대통령의 후계자가 누구냐”는 말이 심심찮게 들린다. 
 
 특히 6 1 지방선거와 국회의원 보선에서 여당의 차기 대선 주자 세 명이 나란히 당선되자 이들의 행보에 이목이 쏠린다. 이들 모두 대선 관련 질문이 나올 때면 “너무 .."
Conservative	"한덕수 국무총리가 오는 7일 0시부터 무기한 총파업을 예고한 민주노총 공공운수노조 화물연대본부를 향해 “우리 경제와 국민들에게 무거운 짐을 지우게 된다는 점을 직시해 달라”고 말했다. 
 
한 총리는 5일 오후 정부서울청사에서 국정현안점검 관계장관회의를 열고 “화물연대가 운송거부를 강행하게 된다면 물류 차질은 피할 수 없다. 정부도 원만한 해결을 위해 .."
Conservative	2011년 상반기는 북한의 해킹으로 온 나라가 불안했던 시기였다. 그해 3월, 북한 정찰총국은 청와대, 국가정보원 등 주요 기관을 비롯해 국민은행, 네이버, 다음 등 인터넷 사이트 40곳에 디도스(DDoS 분산서비스 거부) 공격을 감행했다. 같은 해 4월엔 농협 전산망이 마비돼 대혼란 사태가 벌어졌다. 당시 검찰은 북한이 파일 공유 사이트에서 악성코드를..
Conservative	"경기 성남분당갑 보궐선거에서 당선된 안철수 국민의힘 의원이 감사인사 도중 실신했을 때 윤석열 대통령이 안부 전화를 했던 것으로 알려졌다. 
 
안 의원은 5일 선거 캠프 해단식 후 기자들과 만난 자리에서 “당선 후 (주민들에게) 감사 인사를 드리다가 사고가 있었지 않느냐”며 “(윤 대통령이) 전화를 주셨길래, 아픈 게 아니라고, 괜찮다고 안심시켜 드렸다.."
Conservative	"문재인 전 대통령의 경남 양산 평산마을 사저 인근에서 보수 단체 관계자들과 유튜버들이 벌이는 집회가 정치권 논란으로 번졌다. 더불어민주당 일각에선 사저 인근 집회를 원천적으로 막아야 한다는 주장이 연일 나온다. 반면 국민의힘에선 “왜 일반 국민들은 방치되고 문 전 대통령의 사저만 평화로워야 하느냐”는 지적이 나왔다. 
 
문 전 대통령 밑에서 국민소통수.."
Conservative	전국단위 선거를 연달아 승리로 이끈 여당 대표가 선거 직후 해외 출장을 간 경우는 극히 드물다. 통상 승리한 당 대표는 자신의 정치력 확장을 위해 국내 정치에 몰두하기 마련이다. 그래서 정치권에선 이준석 국민의힘 대표의 4일(현지시각) 우크라이나 방문을 두고 다양한 해석이 쏟아진다. 아시아 정당 대표가 전쟁 중인 우크라이나를 방문한 건 이 대표가 최초다..
Liberal	지난달 대륙간탄도미사일(ICBM)과 단거리탄도미사일(SRBM)을 섞어 쐈던 북한이 이번엔 4개 지역에서 단거리탄도미사일 여러 발을 동시에 발사했다. ‘섞어 쏘기’가 각각 미국 본토 타격과 한반도 전장에 대한 전술 능력을 갖추고 있음을 과시한 것이라면, ‘동시 다발 쏘기’는 선제공격에 맞선 2차(보복) 타격 능력이 있음을 강조하기 위한 것이란 분석이 나온..
Conservative	"박지원 전 국가정보원장이 잇따른 선거 패배 이후 내홍을 겪고 있는 더불어민주당을 향해 “이런 싸움은 그만 하시라”며 비판했다. 
 
 박 전 국정원장은 5일 페이스북에 “빈대 잡으려다 초가삼간 태운다는 말이 떠오르는 요즘 민주당 집안 사정”이라며 이 같이 밝혔다. 
 
 그는 “2연패 했으니 노선투쟁 등 피터지게 싸우라 했지만, 그 싸움이 민생 및 개혁.."
Conservative	"더불어민주당 내홍의 핵심은 차기 당권이다. 2024년 총선 공천권을 쥘 차기 당 대표 자리를 두고 야권에서는 이미 다양한 하마평이 거론되며 내부 격돌도 막이 오른 상태다. 
 
 차기 당권 주자로 가장 먼저 거론되는 건 이재명 의원이다. 6 1지방선거 전부터 ‘이재명계’는 이 의원의 전당대회 출마를 준비해왔지만 친문(친문재인) 진영은 강력히 반발하고 있.."
Liberal	"6 1 지방선거에서 극적으로 역전승한 김동연 경기지사 당선인이 연일 정치적 존재감을 부각하고 있다. 민주당을 작심 비판하면서 혁신 의지를 밝히는 등 중앙 정치에 적극적인 목소리를 내고 있다. 이재명 의원 외에 민주당 내 유력 대선 주자가 없는 상황에서 김 당선인이 ‘포스트 이재명’으로 부상할 수 있을지 주목된다.

김 당선인은 6일 경기 수원시 팔달구 .."
Liberal	러시아가 2월 말 우크라이나를 침공하면서 신냉전의 ‘또 하나의 최전선’이라 불리는 대만해협에 세계의 시선이 쏠리고 있다. 중국이 곧 대만을 침공할 것이라는 섣부른 예측도 있지만, 중국 대만 미국 등 직간접 이해관계자들이 러시아의 침공을 ‘교본’ 삼아 각자 추구하는 바를 심화해갈 가능성이 크다. 대만해협에서 중국은 ‘통일’, 적잖은 대만인들은 ‘완전한 독..
Conservative	"더불어민주당이 6 1지방선거 참패 책임론을 둘러싸고 내홍에 휩싸이면서 고위공직자 국회 인사청문회 논의가 사실상 ‘올스톱’ 됐다. 인사청문회를 실시하려면 소관 국회 상임위원회가 구성돼야하는데, 민주당이 지도부 공백 상태가 되면서 21대 국회 후반기 원 구성 협상 자체가 중단됐기 때문이다. 
 
 5일 현재 인사청문회를 기다리고 있는 후보자들은 박순애 사회.."
Liberal	"안철수 국민의힘 의원이 5일 이준석 국민의힘 대표가 출범시킨 당 혁신위원회에 대해 “혁신이라는 게 선거 제도나 공천만 있는 게 아니다”라며 “그 이외에 정책적인 부분이라든지 혁신이 필요한 굉장히 많은 부분을 다 포괄하는 노력을 해야 한다”고 말했다.

안 의원은 이날 경기 성남시 분당구 선거사무소에서 열린 캠프 해단식을 마치고 기자들과 만나 “혁신은 필.."
Liberal	"이재용 삼성전자 부회장이 자본시장법 위반 혐의로 재판을 받는 중임에도, ‘이재용 사면론’이 잇따르고 있다. 윤석열 정부 출범 직후 이 부회장의 적극적인 외부활동과 함께, ‘사면론’을 요구하는 목소리가 부쩍 커지는 양상이다.

이찬희 제2기 삼성 준법감시위원회 위원장은 5일 <한겨레>와의 통화에서 “코로나19 이후 경제가 어려워서 다시 일으켜야 한다는 여.."
Liberal	"윤석열 대통령의 검찰 측근 인사 챙기기가 도드라지고 있다. 검찰 출신 지인들을 대통령실 주요 참모들에 대거 기용한 윤 대통령은 국가정보원을 포함한 각 부처 요직에도 검찰 시절 인연을 맺은 인사들을 임명했다. 대통령실과 각 정부 부처 곳곳에 윤 대통령의 검찰 시절 측근들이 기용되면서 ‘경직된 검찰 만능주의 정부가 되는 것 아니냐’는 우려가 나온다.



.."
Conservative	"경기 성남 분당갑 국회의원 보궐선거에서 당선된 안철수 국민의힘 의원은 5일 차기 당권 도전 여부에 관한 질문에 “빠른 시간 내에 정비해서 말씀드리겠다”고 답했다. 
 
안 의원은 이날 오후 선거캠프 해단식을 마친 후 기자들과 만나 “바로 국회의원 임기가 시작되다 보니 의정활동을 하기 위해서 지역 사무소라든지 심지어 의원회관 방 구성, 보좌진 구성에 이르.."
Liberal	윤석열 대통령이 5일 북한의 단거리 탄도미사일(SRBM) 시험 발사와 관련해 “상시 대비태세를 확고하게 유지하고, 한 미 미사일 방어훈련을 포함한 한 미 확장억제력과 연합방위태세를 지속적으로 강화해 나가라”고 지시했다. 대통령실은 윤 대통령이 이날 김성한 국가안보실장이 주재한 국가안전보장회의(NSC) 상임위원회에서 “북한이 올해만 약 9일에 한번 꼴로 ..
Liberal	"오는 29~30일 스페인 마드리드에서 열리는 북대서양조약기구(NATO 나토) 정상회의에서 윤석열 대통령과 기시다 후미오(岸田文雄) 일본 총리가 정상회담을 가질 가능성이 높아졌다.

일본 언론들은 5일 기시다 총리가 이달 26~27일 독일에서 열리는 주요 7개국(G7) 정상회의에 참석한 뒤 마드리드로 이동해 나토 정상회의에 참석할 것이라고 보도했다. 요미.."
Conservative	"윤석열 대통령은 5일 오전 북한의 단거리 탄도미사일 시험 발사 사실을 보고 받은 직후 당초 계획했던 일정을 취소하고 대통령실로 출근했다. 
 
 대통령실에 따르면 이날 윤 대통령은 부인 김건희 여사와 함께 5일 세계환경의 날을 맞아 서울 서초구 반포한강공원 달빛광장에서 열린 환경 미화 행사에 참여하기로 하고 관련 준비를 했던 것으로 전해졌다. 윤 대통령.."
Liberal	5일로 국회 공백 사태가 일주일째 이어지고 있다. 지난달 30일 0시를 기해 21대 전반기 국회가 종료됐지만 후반기 원 구성이 이뤄지지 않은 탓이다. 국민의힘과 더불어민주당 모두 법제사법위원장을 양보할 수 없다는 입장을 고수하면서 협상은 진척이 없다. 다수당인 민주당이 지방선거 패배로 당 내홍에 휩싸인 것도 국회 정상화의 변수가 되고 있다. 인사청문회 ..
Conservative	"""여성이 너무 적어요. 남성 중심의 견고한 틀이 왜 안 바뀔까요. 언제 바뀔까요."" 
 제8회 지방선거에서 서울시 의원으로 당선된 국민의힘박춘선(55 한국난임가족연합회장) 당선인은 이렇게 말했다. 박 당선인은 서울 강동구 제3선거구에서 당선됐다. 박 당선인은 ""제 생각에는 풀뿌리 생활 정치에는 여성의 소통과 전달 능력이 잘 맞는다""며 ""남녀 성비가 적절.."
Conservative	"조 바이든 미국 대통령이 지난달 31일 백악관에서 K팝 그룹 방탄소년단(BTS)과 만났을 때 BTS 노래를 틀어준 영상을 4일 트위터에 공개했다. 
 
 4분 50초 분량의 이 영상에서 바이든 대통령은 백악관 집무실 소파와 스툴(등받이와 팔걸이가 없는 의자)에 앉은 BTS에게 “집에 온 것처럼 느끼게 해주겠다”며 책상 위 노트북으로 히트곡 ‘버터’를 틀.."
Conservative	"국민의힘이 5일 북한의 동해상 미사일 발사에 대해 ""위협으로는 아무것도 얻을 수 없음을 하루빨리 깨닫고 대화와 협력의 길로 나와야만 한다""고 촉구했다. 
 
 허은아 수석대변인은 이날 논평을 통해 ""오늘 북한은 동해상으로 단거리 탄도미사일 8발을 발사했다""며 ""윤석열 정부 들어 2번째이고 지난달 25일 탄도미사일 발사 이후 11일 만의 도발""이라고 말했.."
Liberal	"2018~2021년 사이 실시된 3번의 선거에서 아파트 평균 매매가가 높은 지역일수록 국민의힘 계열 정당의 득표율이 높았다는 분석이 나왔다. 수도권 주민들은 자산이 많을수록 보수정당에, 적을수록 민주당 계열 정당에 투표하는 경향이 높은 것으로 나타났다.

5일 서울대 정치외교학부 연구진이 한국정치학회보 2022년 봄호에 게재한 ‘자산과 투표 선택:수도권.."
Liberal	"박순애 사회부총리 겸 교육부 장관 후보자가 2001년 음주운전을 하다가 적발될 당시 혈중알코올농도가 면허취소 기준의 2배 이상이었는데도 선고유예 처분만 받은 것으로 나타났다. 

 더불어민주당 권인숙 의원실은 5일 박 후보자가 2001년 12월17일 밤 11시께 서울 중구에서 음주운전을 하다 경찰 단속에 적발됐을 때 혈중알코올농도가 0.251%의 만취 .."
Conservative	"국민의힘 이준석 대표가 4일(현지시간) 우크라이나에서 비정부기구(NGO) 관계자들과 만나 피난민 지원 대책 등을 논의했다. 이 대표와 국민의힘 소속 의원들은 3일 오후 정당 대표단 자격으로 우크라이나로 출국했다. 
 
 5일 국민의힘에 따르면 이 대표는 4일 우크라이나 서부 거점 도시인 르비우에서 박성민 김형동 허은아 정동만 태영호 의원 등 국민의힘 의.."
Conservative	"북한이 현충일 전날인 5일 북한 전역의 4곳에서 35분간 단거리 탄도미사일(SRBM) 8발을 쐈다. 북한의 역대 탄도미사일 도발 중 최대 발사 수다. 지난달 25일 ‘화성-17형’으로 추정되는 대륙간탄도미사일(ICBM)과 SRBM 2발을 섞어 쏜 이후 11일만으로 올해 들어 18번째 미사일 도발(방사포 포함)이다. 
 
 이번 발사를 두고 정부 안팎에선.."
Liberal	"이낙연 더불어민주당 전 대표가 미국행을 이틀 앞둔 5일 고 김대중 전 대통령(DJ) 묘역을 참배했다. 이 전 대표는 “인생은 아름답고 역사는 발전한다”는 김 전 대통령 어록을 인용해 정치적 여운을 남겼다. 이 전 대표의 향후 정치 행보에도 관심이 쏠린다.

이 전 대표는 이날 자신의 사회관계망서비스(SNS)에 “미국으로 떠나기 이틀 전, 국립현충원 김대.."
Liberal	7일 미국행을 앞둔 이낙연 전 더불어민주당 대표가 노무현 전 대통령의 묘소를 참배하고, 문재인 전 대통령 자택을 방문한 데 이어, 김대중 전 대통령의 국립현충원 묘역을 참배했다. 출국을 앞두고 민주당 계열 전직 대통령의 계보를 훑으며 자신의 ‘적통’을 강조한 것으로, 향후 정치행보를 암시한 것으로 풀이된다. 다만 당내 일각에서 제기되는 ‘조기 귀국론’에..
Conservative	"윤석열 대통령은 세계 환경의 날인 5일 “지구촌의 일원이자 미래세대에 대한 책임으로서 온실가스 감축과 탈(脫)플라스틱을 위한 정책을 다각도로 추진해나가겠다”고 밝혔다. 
 
윤 대통령은 이날 페이스북 글에서 “올해는 유엔이 세계 환경의 날을 지정한 지 50주년이 되는 뜻깊은 해”라며 “환경문제는 지구적으로 생각하고 지역적으로 실천해야 한다는 말을 우리 .."
Liberal	이준석 국민의힘 대표가 6 1 지방선거가 끝나고 더 바빠졌다. 당 혁신위원회를 출범시키고, 우크라이나를 찾았다. 언론 인터뷰에도 적극적으로 나서고 있다. 지방선거 이후 존재감을 키워 여권 내 주도권을 잃지 않겠다는 의도로 해석된다. 이 대표 성비위 의혹에 대한 당 윤리위원회의 징계 착수를 막으려는 전략이란 관측도 있다. 안철수 국민의힘 의원은 5일 이 ..
Conservative	"6 1 지방선거 참패 이후 더불어민주당 내 반명(반이재명)과 친명(친이재명) 세력 간 공방이 계속 이어지고 있다. 반명 진영이 지방선거에서 총괄상임선거대책위원장을 맡았던 이재명 의원 책임론을 꺼내들자 친명 진영은 오히려 민주당이 이재명 지키기에 나서야 한다며 일제히 반격에 나섰다. 
 
조국 전 법무부 장관과 추미애 전 법무부 장관이 공개 지지해 화제가.."
Conservative	"윤석열 대통령이 5일 환경의 날을 맞아 ""지구촌의 일원이자 미래세대에 대한 책임으로서 온실가스 감축과 탈플라스틱을 위한 정책을 다각도로 추진해 나가겠다""고 밝혔다. 
 
 윤 대통령은 이날 페이스북에 ""특히 올해는 유엔이 세계 환경의 날을 지정한 지 50주년이 되는 뜻깊은 해""라고 말했다. 
 
 이어 ""환경 문제는 지구적으로 생각하고 지역적으로 실천해.."
Conservative	"5일 오전 북한의 단거리탄도미사일(SRBM) '무더기 발사'는 윤석열 정부 출범 후 빠르게 공고해지는 한ㆍ미ㆍ일 대북 공조를 시험하려는 목적으로 볼 수 있다. 동시에 코로나19라는 내부의 어려움과 외부의 압박에도 굴하지 않고 핵 무력 고도화의 길을 가겠다는 '마이웨이' 기조의 확인이기도 하다. 
 
 ━
 한ㆍ미ㆍ일 공조 '틈새' 겨냥 
 이날 북한의 .."
Conservative	"박지원 전 국가정보원장이 6‧1 지방선거 참패 이후 내홍에 빠진 더불어민주당을 향해 “빈대 잡으려다 초가삼간 태운다는 말이 떠오른다”고 일갈했다. 
 
박 전 원장은 5일 페이스북을 통해 “2연패 했으니 노선투쟁 등 피 터지게 싸우라 했지만, 그 싸움이 민생 및 개혁 방향타는 실종되고 인신공격만 난무한다”며 이같이 말했다. 
 
이어 “국민이 납득하는 .."
Liberal	"오는 10일 위원회 활동을 마치는 4.16세월호참사특별조사위원회(사참위)가 최종보고서에 담길 세월호 침몰 원인을 놓고 내홍을 겪고 있다. 세월호가 외부 물체와 충돌해 침몰했다는 이른바 ‘외력설’을 어떻게 처리할지를 두고 전원위원회와 진상규명국이 충돌한 것이다. 

5일 경향신문 취재 결과 사참위 전원위원회 위원 6명 중 5명은 최종보고서에 ‘외력 충돌은.."
Liberal	윤석열 대통령이 취임한 뒤 ‘도어스테핑’(Doorstepping)이라는 낯선 풍경이 생겼다. 출근하는 대통령을 잠시 멈춰 세운 대통령실 담당 기자들이 주요 현안에 대해 짧게 묻고 즉답을 듣는 ‘약식 회견’이다. 질문은 2~3가지, 길어도 5분을 넘지 않는다고 한다. “오늘 첫 출근인데, 한말씀 해달라.” 취임식 다음날인 지난달 11일 아침 서울 용산 집..
Conservative	"국민의힘 혁신위원회에 순천갑 당협위원장인 천하람 변호사가 혁신위원으로 합류할 예정이다. 2020년 총선때 대구가 고향인데 전남 순천에서 출마해 ‘화제의 낙선자’로 이름을 알렸던 천 변호사는 올해 36세로 국민의힘의 대표적 청년 정치인으로 꼽힌다. 이번 지방선거에선 천 변호사의 지역구인 순천에서 사상 첫 국민의힘 비례대표 기초의원이 나오기도 했다. 
 
.."
Liberal	6 1 지방선거에서 광역자치단체장으로 새롭게 선출된 당선인들이 인수위원회 구성에 속도를 내고 있다. 오는 7월 1일 취임에 앞서 지역 현안을 파악하고, 향후 추진할 정책방향 등을 정리해 단체장 교체에 따른 행정공백을 최소화하기 위해서다. 반면 연임에 성공한 현직 자치단체장들은 선거 다음날인 지난 2일부터 업무에 복귀해 주요 사업의 추진 현황을 살피고 있..
Liberal	"6 1 지방선거에서 패배한 더불어민주당이 혁신 비상대책위원회 구성에 합의했지만 내홍에 시달리고 있다. 비대위원장 인선, 대선 패배 평가 여부, 전당대회 규칙 설정을 두고 곳곳에서 충돌하고 있다. 치열한 물밑 싸움 뒤에는 당권 투쟁이 있다는 평가가 나온다. 이재명 의원의 오는 8월 전당대회 출마를 두고 친이재명-비이재명계 갈등이 본격화할 가능성이 있다.
.."
Conservative	"“북한에게 남한은 (북한이) 소리만 지르면 현금을 대주는 ATM이었다. 그러나 이제는 남벌(南伐), 즉 적화통일의 대상이 됐다. 30여년간 제로(zero)였던 ‘남벌’ 시나리오 가능성은 지금 10%로 높아졌다. 윤석열 정부는 북한의 도전을 과소평가하거나 착각해선 안 된다.” 
 
안드레이 란코프(Andrei Lankov 59) 국민대 교수의 진단이다. .."
Conservative	"문재인 전 대통령 경남 양산 사저 앞 극우 보수단체들의 욕설 집회를 둘러싼 논란이 이어지자 더불어민주당이 집회 및 시위에 관한 법률(집시법) 개정안을 발의한 데 대해, 윤희숙 전 국민의힘 의원은 “문 전 대통령 인권만 중요한가”라고 비판했다. 
 
윤 전 의원은 지난 3일 자신의 페이스북에 올린 글에서 “전국 어디서도 이런 인권침해가 일어나지 않도록 관.."
Conservative	"━
 충북 5 18단체, 가시철선 설치 후 기념촬영 
 옛 대통령 휴양시설인 청남대에 설치한 전두환 전 대통령 동상이 가시 철선에 둘렸다가 철거되는 소동이 벌어졌다. 
 
 5일 충북도 청남대관리사업소에 따르면 전날 낮 12시쯤 충북 청주시 상당구 청남대를 찾은 ‘충북 5 18 민중항쟁 42주년 행사위원회’ 소속 회원 10여명이 전두환 전 대통령 동상의.."
Liberal	"21대 국회 후반기 원구성이 협상이 미뤄지면서 주요 장관 후보자와 국세청장 후보자 등에 대한 ‘인사청문회 무산’ 가능성이 제기된다. 특히 이해충돌 논란과 부동산 불법 증여 의혹 등이 잇달아 불거진 김승희 보건복지부 장관 후보자마저 어부지리로 청문회를 거치지 않고 임명되는 것 아니냐는 우려가 나온다.

5일까지 국회에 접수된 정부의 인사청문요청안은 박순애.."
Liberal	"손원제 | 논설위원

해방클럽 멤버들은 ‘나의 해방일지’에 해방되고픈 대상에 대해 썼다.(JTBC 드라마 <나의 해방일지>) 더불어민주당은 재보선과 대선, 지방선거까지 내리 졌다. 족쇄를 벗어야만 한다. 해방일지를 써볼 시간이다.

첫째 장은 ‘이재명’이라는 깃발로부터의 해방에 할애하는 것이 자연스러워 보인다. 오해하진 말길. 이재명을 정치 리더 후보군.."
Liberal	"김건 외교부 한반도평화교섭본부장은 5일 북한이 단거리탄도미사일 8발을 발사한 직후 성 김 미 국무부 대북특별대표와 예정에 없던 긴급 대면협의를 갖고 북한의 발사 의도와 추가 도발 대응 방안 등에 대해 논의했다.

성 김 대표는 지난 3일 서울에서 열린 한 미 일 북핵수석대표 협의를 가진 뒤 이날 오후 출국 예정이었다. 한 미 수석대표들은 이미 귀국한 일.."
Liberal	"‘충북 5 18 민중항쟁 42주년 행사위원회’는 지난 4일 낮 12시 충북 청주시 옛 대통령 전용 휴양시설인 청남대에서 ‘전두환 노태우 동상 대안찾기 시민 워크숍’을 열어 전두환 동상을 가시철조망으로 감는 퍼포먼스를 진행했다고 5일 밝혔다. 

 이날 퍼포먼스는 학살 반란자인 전두환이 만행을 사죄하지 않고 사망한 데 대한 분노를 담아 전두환 동상과 죄목.."
Liberal	"에마뉘엘 마크롱 프랑스 대통령이 “러시아에 굴욕감을 줘선 안 된다”고 말하자, 우크라이나가 “그런 말이야말로 굴욕적”이라고 발끈했다. 

마크롱 대통령은 4일(현지시각) 실린 프랑스 현지 언론들과의 인터뷰에서 “우리는 러시아에 굴욕감을 줘서는 안 된다. 그래야 싸움이 멈춘 날 외교적 수단으로 출구를 만들 수 있다”며 “나는 프랑스가 중재자 구실을 할 수.."
Conservative	"우크라이나를 방문 중인 이준석 국민의힘 대표가 “현지에서 의약품과 장기간 보관이 가능한 형태의 식품 등의 지원을 요청하는 상황”이라고 밝혔다. 
 
5일 국민의힘에 따르면 이 대표는 현지시간으로 전날 저녁 우크라이나 서부 도시 르비우에서 비정부기구(NGO) 관계자들과 만찬 간담회를 가졌다. 
 
이 대표는 간담회를 마치고 기자들과 만나 “르비우는 지금 .."
Conservative	"북한이 5일 단거리 탄도미사일(SRBM) 8발을 무더기로 발사한 직후 한국과 미국의 북핵 수석대표가 예정에 없던 긴급 회동을 갖고 대응 방안을 논의했다. 
 
 김건 외교부 한반도평화교섭본부장은 이날 오전 서울 외교부 청사에서 성 김 미국 대북특별대표와 만나 북한의 탄도미사일 발사 문제를 논의했다고 외교부가 밝혔다. 
 
 한미 북핵수석대표가 만난 것은.."
Conservative	"박지원 전 국가정보원장은 6‧1 지방선거 참패 이후 내홍을 겪고 있는 더불어민주당을 향해 “빈대 잡으려다 초가삼간 태운다는 말이 떠오르는 요즘 민주당 집안 사정”이라고 비판했다. 
 
박 전 원장은 5일 페이스북을 통해 “2연패했으니 노선투쟁 등 피터지게 싸우리라 했지만, 그 싸움에서 민생 및 개혁 방향타는 실종되고 인신공격만 난무한다”며 이같이 말했다.."
Conservative	"◇이옥섭씨 별세 조병준 전 AD본부 기획위원 장모상 / 2022년 6월 4일 
빈소 : 노원구 을지병원 장례식장 5호 (02-970-8444) 
발인 : 2022년 6월 6일 오전 11시"
Conservative	"미국의 북핵 수석 대표인 성 김 국무부 대북특별대표는 5일 출국 전 김건 외교부 한반도평화교섭본부장과 만나 북한의 단거리 탄도미사일 발사와 관련해 대응 방안을 논의했다. 한미 북핵수석대표가 만난 것은 지난 3일 서울에서 진행된 한미일 3자 협의 이후 이틀만으로 북한의 미사일 도발에 예정에 없던 대면 협의를 한 것이다. 
 
김건 본부장은 이날 오전 서울.."
Liberal	"윤석열 대통령은 5일 북한의 탄도미사일 시험 발사와 관련 “한 미 확장억제력과 연합방위태세를 지속적으로 강화해 나갈 것”을 지시했다.



윤 대통령은 이날 오전 김성한 국가안보실장 주재로 열린 국가안전보장회의 상임위원회에 임석해 북한이 올해만 약 9일에 한 번 꼴로 미사일 발사 도발을 감행한 점을 지적하며 이렇게 말했다고 대통령실이 전했다.

국가안전.."
Liberal	"방탄소년단(BTS)의 미국 백악관 방문 동영상 2탄이 조 바이든 대통령 트위터에 공개됐다.

조 바이든 미국 대통령은 개인 트위터 계정에 4일 방탄소년단의 백악관 방문 동영상을 올렸다. 지난달 31일 백악관 방문 당일 올라온 59초 동영상에 이은 두번째 영상 공개다. 백악관 계정에도 올라온 이 영상은 4분51초 분량이다.

영상은 방탄소년단과 바이든 대.."
Conservative	"북한이 5일 동해상으로 발사한 단거리탄도미사일(SRBM) 8발은 평양 순안 등 4곳에서 동시다발적으로 쏜 것으로 포착됐다. 
 
합동참모본부는 이날 “우리 군은 오늘 9시 8분경부터 9시 43분경까지 북한이 평양 순안, 평안남도 개천, 평안북도 동창리, 함경남도 함흥 일대에서 발사한 단거리 탄도미사일(SRBM) 8발을 포착했다”고 밝혔다. 
 
합참은 .."
Conservative	"윤석열 대통령은 5일 북한의 단거리 탄도미사일(SRBM) 발사에 대해 상시 대비태세를 확고히 유지하고 한 미 미사일 방어훈련을 포함한 한 미 확장억제력과 연합방위태세를 지속적으로 강화해 나갈 것을 지시했다. 
 
윤 대통령은 이날 북한의 단거리 탄도미사일 발사와 관련, 김성한 국가안보실장 주재로 열린 국가안전보장회의(NSC) 상임위원회 논의 결과를 보고.."
Conservative	대통령실은 5일 북한의 단거리 탄도미사일(SRBM) 연속 발사와 관련해 김성한 국가안보실장 주재로 NSC 상임위원회를 개최해 북한의 한반도 긴장고조 행위에 대해 강력 규탄했다고 밝혔다. 또 이 자리에 임석해 논의 결과를 보고받은 윤석열 대통령이 한 미 미사일 방어훈련을 포함한 한 미 확장억제력과 연합방위태세를 지속적으로 강화해 나갈 것을 지시했다고 밝혔..
Liberal	이달 말로 추진되던 조 바이든 미국 대통령의 이스라엘, 사우디아라비아 방문 등 취임 이후 첫 중동 지역 순방이 다음 달로 미뤄진 것으로 전해졌다. 미국 NBC방송은 4일(현지시간) 백악관이 다음 달 바이든 대통령의 폭넓은 중동 순방을 계획하고 있다면서 이같이 보도했다. 특히 2018년 사우디 반체제 언론인 자말 카슈끄지 살해 사건 이후 냉랭해진 미국과 ..
Conservative	"윤석열 대통령은 5일 북한이 올해만 약 9일에 한번 꼴로 미사일 발사 도발을 감행한 점을 지적하면서 “상시 대비태세를 확고하게 유지할 것”을 지시했다고 대통령실이 밝혔다. 
 
윤 대통령은 또 “한 미 미사일 방어훈련을 포함한 한 미 확장억제력과 연합방위태세를 지속적으로 강화해 나가야 한다”고 했다. 
 
대통령실은 이날 북한의 단거리탄도미사일(SRBM.."
Conservative	"미군 당국이 전략폭격기 B-1B ‘랜서’ 편대를 태평양 괌의 앤더슨 공군기지에 전진 배치한 것으로 확인됐다. 
 
 현지 시각으로 4일 미 군사 전문매체워존에 따르면 인공위성사진 업체 ‘플래닛랩스’가 같은 날 촬영한 앤더슨 기지 활주로 옆 주기장 사진에서 랜서 폭격기 4대가 포착됐다. 
 
 이들 랜서 폭격기는 사우스다코타주 엘즈워스 공군기지 소속으로서.."
Liberal	"북한의 누적 코로나19 유증상자가 400만명을 넘어섰다. 

북한의 방역 당국인 국가비상방역사령부는 “지난 4월 말부터 6월4일 18시까지 발생한 전국적인 유열자(발열 증상자) 총수는 407만480여명”이라고 밝혔다고 <노동신문>이 5일 보도했다. 북한 전체 인구(2537만명)의 16%에 이른다. 

북쪽 국가비상방역사령부에 따르면 전날 전국적으로 7만.."
Conservative	"이낙연(사진) 전 더불어민주당 대표가 5일 ""미국으로 떠나기 이틀 전 국립현충원 김대중 전 대통령님 내외분 묘소에 참배하고 출국 보고를 드렸다""고 밝혔다. 
 
 이 전 대표는 이날 오전 자신의 페이스북에 ""김 대통령님의 파란만장한 생애와 깊은 사색의 말씀을 생각했다""며 이같이 말했다. 
 
 이어 ""그 가운데서도 김 대통령님의 마지막 말씀을 국민 여러.."
Conservative	"국민의힘은 5일 북한이 동해상을 향해 단거리 탄도미사일(SRBM) 8발을 발사한 것에 대해 ""한반도 안보를 위협하는 모든 것에 엄정 대응하겠다""고 강하게 비판했다. 
 
 양금희 국민의힘 원내대변인은 이날 서면 논평을 통해 ""현충일 추념식을 하루 앞둔 오늘 북한은 또다시 미사일을 발사했다""며 이같이 밝혔다. 
 
 양 원내대변인은 ""올해만 18번째 무력.."
Liberal	"윤석열 정부의 첫 국세청장이 국회 인사 청문회를 거치지 않고 임명될 가능성이 제기되고 있다. 핵심 권력기관장이 인사 검증 없이 취임하는 셈이다. 

5일 국회와 국세청 등에 따르면 김창기 국세청장 후보자는 전날 국회 인사 청문 기한이 도래했다. 윤석열 대통령은 앞서 지난달 13일 새 정부의 첫 국세청장 후보자로 김창기 전 부산지방국세청장을 지명하고, 지.."
Liberal	"충청권 광역단체장 당선인들의 인수위원회(인수위) 구성이 속도를 내고 있다. 6 1 지방선거 첫 주말 이후 6일부터 이들 인수위는 본격 가동될 것으로 예상된다.

이장우 대전시장 당선인은 지난 3일 민선8기 대전시장 인수위원장으로 이현 변호사(65)를 선임했다. 이 당선인의 인수위는 옛 충남도청사에 꾸려질 예정이다. 이 당선인은 6일 공식 활동을 목표로 .."
Conservative	"오는 7일 미국행을 앞둔 더불어민주당 이낙연 전 대표가 5일 “국립현충원 김대중 전 대통령님 내외분 묘소에 참배하고 출국 보고를 드렸다”고 했다. 
 
이 전 대표는 이날 페이스북에 김 전 대통령 묘역 참배 사진을 올리며 “김 대통령님의 파란만장한 생애와 깊은 사색의 말씀을 생각했다”고 했다. 그러면서 “그 가운데서도 김 대통령님의 마지막 말씀을 국민 .."
Conservative	북한의 7차 핵실험 준비가 사실상 완료된 것으로 알려진 가운데 한미 양국 해군이 지난 2~4일 일본 오키나와 인근 해상에서 미 핵추진 항모 로널드레이건함과 한국 대형상륙함 마라도함 등 7척의 함정이 참가한 가운데 대북 경고성 항모 연합 훈련을 실시했다. 미 핵추진 항모를 동원한 한미 연합 해상훈련은 지난 2017년11월 이후 4년7개월여만의 일이다. 대..
Liberal	"기시다 후미오 일본 총리가 오는 29~30일 스페인 마드리드에서 열리는 북대서양조약기구(NATO 나토) 정상회의에 참석을 검토하고 있는 것으로 전해졌다. 성사될 경우 일본 총리 중 처음이 된다.



<요미우리신문>은 5일 “참의원 선거 기간과 겹쳐 (기시다 총리의) 나토 정상회의 참가에 신중한 견해도 있었지만, 일본의 존재감을 나타내야 한다는 판단 쪽.."
Liberal	"한동훈 법무부 장관이 교정 공무원의 수당을 인상하는 등 처우 개선 방안을 마련했다. 이민청 설치 검토 등 비검찰 업무에 대한 개혁 작업에 잇따라 착수하는 모습이다.

법무부는 ‘교정직 공무원들의 사기 진작 및 근로 의욕 고취를 위한 이행과제’를 마련해 추진에 나섰다고 5일 밝혔다. 교정 공무원의 인력 부족, 부실한 처우 문제 등이 교정 서비스의 질적 저.."
Conservative	"오늘의 국내 주요 뉴스 사진(전송시간 기준)을 한눈에 파악할 수 있도록 실시간 업데이트합니다. 
 
 ■ 오후 3:30 월드컵 레전드 올스타전 2002년 한일 월드컵 20주년을 맞아 5일 오후 서울월드컵경기장 보조구장에서 열린 '월드컵 레전드 올스타전'에서 2002레전드팀이 거스 히딩크 전 감독과 함께 기념촬영을 하고 있다. 
 
 
 ■ 오후 3:00.."
Conservative	"28,29일(토,일) “송강호 남우주연상, 박찬욱 감독상” 
 
 
 
30일(월) “청와대 앞 주말 ‘차없는 거리’된다” 
 
 
 
31일(화) “밀양 산불, 강풍 타고 번져 내일 선거 마지막 호소” 
 
 
 
1일(수) “정권안정론에 힘 실어준 표심, 민주당 충격의 3연패” 
 
 
 
2일(목) “경기도지사 새벽 대 역전극, 드라마 쓴 김동연”.."
Conservative	"세계적인 K팝 그룹 방탄소년단(BTS)과 조 바이든 미국 대통령의 면담 영상이 공개됐다. 
 
4일(현지시간) 백악관 유튜브에는 4분 51초 분량의 BTS 백악관 방문 영상이 올라왔다. BTS는 바이든 대통령과 아시아계를 겨냥한 증오범죄 대응 방안을 논의하기 위해 지난달 31일 미국 워싱턴 백악관을 찾은 바 있다. 
 
해당 영상은 BTS와 바이든 대통.."
Liberal	"북한의 탄도미사일 시험 발사와 관련, 김성한 국가안보실장 주재로 국가안전보장회의(NSC) 상임위원회가 열린다. 

대통령실은 5일 오전 이렇게 밝히며 “이후 필요하다고 판단하면 윤석열 대통령이 직접 주재하는 국가안전보장회의 전체회의를 개최할 계획”이라고 전했다. 윤 대통령은 이날 오전 10시께 용산 대통령실 청사로 출근했다.

앞서 합동참모본부는 북한이.."
Conservative	"북한이 5일 오전 SRBM(단거리 탄도미사일) 8발을 발사한 것에 대해 대통령실은 김성한 국가안보실장 주재로 NSC 상임위원회를 열었다. 
 
 대통령실은 이날 언론 공지에서 ""이후 필요하다고 판단되면 윤석열 대통령이 직접 주재하는 NSC 전체회의를 개최할 계획""이라고 밝혔다. 국가안보실은 이날 오전 북한이 동해상으로 탄도미사일 여러 발을 발사한 직후 .."
Conservative	"대통령실은 5일 오전 북한의 탄도미사일 도발과 관련해 김성한 국가안보실장 주재로 NSC(국가안전보장회의) 상임위원회를 열었다고 밝혔다. 
 
대통령실은 “이후 필요하다고 판단하면 대통령이 직접 주재하는 NSC 전체회의를 개최할 계획”이라고 했다. 국가안보실은 북한의 탄도미사일 발사 직후 윤석열 대통령에게 관련 사항을 보고하고 NSC 상임위 소집을 지시받.."
Conservative	"이번 ‘날飛’에서는 6월 1일 치러진 지방선거, 국회의원보궐선거 때 송영길 서울시장 후보와 이재명 인천계양을 국회의원 당선인이 냈던 ‘김포공항 이전’ 공약을 들여다보려 합니다. 군더더기 없이 바로 시작하겠습니다. 
 
● 주택 20만 채 지을 수 있을까 
 
 이재명 의원이 보궐선거 후보 때 김포공항 이전 카드를 꺼내든 이유는 당연히 주택 공급이었을 겁.."
Conservative	"조 바이든 미국 대통령이 4일(현지시간) 자신의 트위터에 세계적인 K팝 그룹 방탄소년단(BTS)의 백악관 초대 동영상 2탄을 공개했다. 
 
 앞서 바이든 대통령은 지난달 31일 만남 당일 59초짜리 짧은 영상을 1차로 올린 바 있다. 두 번째로 공개된 이번 영상은 모두 4분 51초 분량으로, 조회수는 185만회를 넘어섰다. 
 
 해당 영상은 바이든 .."
Liberal	"장소 풍계리 3번 갱도 유력
전술핵 개발에 집중할 듯
“북한의 핵실험 준비는 마무리된 것으로 본다. 핵실험을 하기로 결정하고 시행하기까지는 아직 최종 작업이 필요하지만, 이는 얼마 걸리지 않는다. 언제 하느냐가 관건이다.”(정부 관계자)

북한의 7차 핵실험 가능성이 제기되고 있다. 지난 3월 초 전후로 북한의 핵실험 준비 정황이 포착됐다. 이후 핵실험.."
Liberal	"유정복 인천시장 당선인(64)이 인수위원장을 임명한 데 이어 연수구 송도에 ‘인천시장직 인수위원회’ 사무실을 마련하는 등 인수 작업에 속도를 내고 있다.

5일 유 당선인 측에 따르면 유 당선인은 시정 공백을 없애고, 7월1일 취임하자마자 곧바로 업무를 시작하기 위해 업무파악에 나섰다. 유 당선인 측은 인천경제자유구역청이 입주한 송도 G-타워 32층에 .."
Liberal	"북한이 5일 동해상으로 단거리 탄도미사일 여러 발을 발사했다고 합동참모본부가 밝혔다. 윤석열 정부 출범 이후 세번째이자, 올해 들어서만 벌써 18번째 무력 시위다. 

군 당국은 북한이 이날 오전 9시8분께부터 43분께까지 평양 순안 일대 등에서 동해상으로 단거리 탄도미사일 8발을 발사한 것을 포착하고, 사거리와 고도 등 제원을 분석하고 있다고 밝혔다..."
Conservative	"북한이 5일 동해상으로 단거리탄도미사일(SRBM) 8발을 발사했다고 합동참모본부가 밝혔다. 올해 들어서만 18번째 무력 도발로, 윤석열 정부 출범 이후 세 번째 무력 시위다. 
 
합참은 “우리 군은 오전 9시 8분경부터 9시 43분경까지 북한 평양 순안 일대 등에서 동해상으로 발사한 단거리 탄도미사일(SRBM) 8발을 포착했다”고 밝혔다. 이어 “우리.."
Conservative	"북한이 5일 동해상으로 단거리 탄도미사일(SRBM) 8발을 발사했다고 합동참모본부가 밝혔다. 
 
합참은 이날 “우리 군은 오늘 오전 9시 8분경부터 43분경까지 북한 평양 순안 일대 등에서 동해상으로 발사한 SRBM 8발을 포착했다”고 말했다. 
 
군 당국은 추가 발사에 대비해 감시 및 경계를 강화한 가운데, 한미 간 긴밀히 공조하면서 만반의 대비태.."
Liberal	"북한이 5일 평양 순안 등 4곳에서 동해상으로 단거리 탄도미사일(SRBM) 8발을 발사했다. 한 미가 핵 추진 항공모함을 동원한 연합훈련을 마친 지 하루만이다.

북한의 이날 도발은 남한 등 여러 목표물에 대한 동시타격 능력 과시와 함께 한 미 해군이 일본 오키나와 동남방 공해상에서 실시한 연합훈련에 대한 맞대응 차원인 것으로 보인다. 북한의 이날 탄도.."
Conservative	"북한이 5일 동해로 탄도 미사일 8발을 시험 발사했다. 
 
 합동참모본부는 이날 오전 ""우리 군은 오늘 도전 9시 8분경부터 9시 43분경까지 북한 평양 순안 일대 등에서 북한 당국이 동해상으로 발사한 단거리 탄도미사일(SRBM) 8발을 포착했다""고 밝혔다. 
 
 군 당국에 따르면, 북한이 발사한 단거리 탄도미사일의 비행거리는 약 110~670km,.."
Conservative	"“나는 원희룡 국토교통부 장관과 달리 정치의 시작과 끝을 제주에서 할 것이다”
 
 
 6 1 지방선거와 함께 전국 7곳에서 치러진 국회의원 보궐선거에서 더불어민주당이 승리한 곳은 딱 2곳이었다. 이재명 의원(인천 계양을) 외엔 김한규 의원(제주 제주시을 49)뿐이다. 
 
 김 의원은 3일 중앙일보 전화인터뷰에서 “원희룡 장관이 제주에서 비판받았던 것.."
Liberal	"☞한겨레 S 뉴스레터 구독하기 http://bit.ly/319DiiE



1992년 12월18일 14대 대통령 선거를 했습니다. 대선 직후 김영삼 당선자가 기자회견을 했습니다. 어느 기자가 “후계자를 누구로 생각하느냐”고 물었습니다. 김영삼 당선자는 기가 막힌다는 표정으로 “내가 이제 막 대통령에 당선됐는데 벌써 후계자를 물어보면 어떻게 하느냐”고 반.."
Liberal	"윤 정부, IPEF 참여로 미국의 인태전략 지지
정책 전환에 북한 문제 한일 관계 등 난관 초래 


아시아를 중심으로 국제정세가 빠르게 재편되고 있다. 한반도는 그 중심에 서 있다. 지난 5월 21일 열린 한미정상회담에서 미국 바이든 대통령은 ‘인도-태평양(인태) 전략’에 대한 한국의 입장을 물었다. 윤석열 정부는 미국 주도의 ‘인도-태평양 경제 프레.."
Conservative	"더불어민주당 정청래 의원은 지방선거 참패 이후 당내에서 ‘이재명 책임론’이 제기되는 것과 관련, 10년 전 ‘문재인 정계 은퇴론’을 꺼내들며 “이재명 흔들기를 하면 안 된다”고 비판했다. 
 
정 의원은 4일 자신의 페이스북에 올린 ‘누워서 침 뱉기 하지 말자’라는 제목의 글에서 “우리 민주당에 득 될게 없다. 저쪽 사람들만 이익이고 좋아할 일”이라며 .."
Conservative	"금강산도 식후경이다. 배가 고프면 천혜 절경도 눈에 들어오지 않는 법인데, 하물며 격무에 시달리는 대통령실 직원들이 굶주리고 있다고 한다. 대통령실이 청와대에서 서울 용산으로 이전했지만, 아직 청사에 구내식당이 들어서지 않아 겪는 곤란이다. 
 
 3일 복수의 대통령실 관계자에 따르면 대통령실 직원들의 출근 시간은 대개 오전 6시에서 7시 사이다. '아.."
Conservative	"박지원 전 국가정보원장이 오는 7일 문재인 전 대통령을 만나겠다는 계획을 밝혔다. 이번 공개 활동을 계기로 조만간 더불어민주당에 복당해 향후 전당대회 과정에서 역할을 할 수 있다는 관측이 나온다. 
 
 박 전 원장은 4일 페이스북에 올린 글에서 “7일 양산에서 문재인 전 대통령님 내외분께 인사를 드리고 상경할 것”이라고 밝혔다. 
 
 박 전 원장은 .."
