Conservative	“대선후보가 당권 잡으면 내분” vs “李책임론은 기득권 카르텔”
Liberal	김동연 도지사 당선인 “경기 남 북도 분할, 연내 주민투표”
Conservative	"친문 김종민 ""文만 믿다가 국민과 멀어졌다 친문 반성을"""
Conservative	"""윤핵관, 이준석 징계 의지 강해 정진석 권성동, 명분쌓기 나선 것"""
Liberal	교육당국 ‘분열’로 고교학점제 ‘혼란’ 우려
Liberal	김기현, 공부모임 ‘새미래’ 발족 여 당권 경쟁 ‘포문’
Liberal	정진석 권성동 ‘공개 저격’에 이준석 “어차피 기차는 간다”
Liberal	민주당 혁신비대위 최대 숙제는 ‘계파 갈등’ 조정
Liberal	한 미, 미사일 ‘맞불 사격’ 현충일 새벽에 울린 8발 발사음
Liberal	화물연대 총파업 윤석열 정부, 노동 정책 첫 시험대
Liberal	윤 대통령 “도발에 엄정 대처” 북한에 ‘대화 평화’ 언급 빠져
Liberal	[공덕포차] ‘바지사장’ 안철수? “윤핵관들의 선택에 달렸다”
Conservative	‘이재명 책임론’ 속 파주시장 “李 지원유세 효과 분명”
Conservative	"김은혜, 낙선인사 중 쓰러져 입원 ""무박5일 과로에 피로누적"""
Liberal	[사설]대통령실 옆 미군기지라니, 뒤늦게 이전 협상 나선 정부
Conservative	21년전 '0.251% 만취' 음주운전 박순애, 논문 재탕 의혹도
Conservative	셔먼 美 국무부 부장관 입국 한일 차관과 북한 문제 등 논의
Conservative	IAEA “北 풍계리서 핵실험 준비 징후...갱도 한 곳 다시 열려”
Conservative	민노총 화물연대 총파업 새 정부-노동계 5년 관계 시험대 올라
Liberal	한 미도 미사일 8발 대응 발사 윤 대통령 “북 도발 엄정 대처”
Conservative	일시적 2주택, 1주택 종부세 혜택 상속은 주택수 제외 검토
Conservative	권성동 “국세청장, 청문회 없이 임명”
Liberal	윤핵관, 이준석 직격 “자기정치 위해 우크라 방문”
Conservative	용산청사 2층 집무실 19일 완공 5층은 김건희 여사도 쓴다
Liberal	"IAEA 사무총장 ""북한, 풍계리서 핵실험 준비 징후 포착"""
Liberal	IAEA 사무총장 “북 핵실험 준비일 수 있는 징후 관찰”
Liberal	대통령실 바로 옆에 새 미군 기지 정부 “추가 반환 논의 중”
Conservative	‘친문’ 김종민의 반성 “文만 믿다가 국민들에게서 멀어졌다”
Liberal	국힘 “법사위 가져가고 국회의장 내놓을 거냐”-민주 “국회의장 즉각 선출해야”
Liberal	웬디 셔먼 부장관 7일 국내 성소수자 인권 운동가 만나
Liberal	[사설] 민주당, ‘네탓 공방’ 말고 미래 놓고 치열하게 토론해야
Conservative	트위터 11년차 文, 직접 누른 ‘맞팔로우’ 기준은?
Liberal	[사설] 준법감시위원장의 ‘이재용 사면론’ 공론화, 온당치 않다
Liberal	서독 외교에서 무엇을 배울 것인가?
Liberal	병사 월급 200만원의 의미
Liberal	세월호 잠수함 충돌설은 또 살아남을까
Liberal	살아남아야 한다, 그게 이기는 거다
Liberal	[사설] 미사일 8발 쏜 북에 8발 대응, ‘강대강’ 악순환 우려한다
Conservative	文정부가 높인 법인세 다시 되돌린다 상속 증여세도 완화할 듯
Liberal	민주당 비대위, 혁신형 아닌 관리형 그치나
Liberal	‘과적 과속’ 운행 막고, 화물노동자 생계 유지 위한 최소 장치
Conservative	"대통령실 명칭 공모에 MZ ""이름 뭐 중요한가, 일만 잘해주길"""
Conservative	"""당협 쇼핑"" 윤핵관의 원색 비난 타깃은 '준석맘' 정미경"
Conservative	'워터게이트' 주역들 “트럼프는 미국 최초의 '선동' 대통령”
Conservative	"박지원 “민주당 복당, 2선서 돕겠다 당대표 이런 일 없다"""
Conservative	박지원 前 국정원장 “민주당 복당 비대위 구성 2선에서 돕겠다”
Liberal	국토부, 화물연대 파업에 ‘엄정 대응’ 고수 “비상수송대책 시행”
Conservative	"英 총리 '파티게이트' 불신임투표까지 ""과반 동의 어려울 듯"""
Liberal	윤석열 정부 ‘노동현안 대응’ 첫 시험대 경찰 먼저 보인다
Conservative	"""개가 짖어도 기차는 달린다"" 윤핵관 저격에, YS 인용한 이준석"
Conservative	北에 경고 날린 尹의 현충일 北 언급 한번 안했던 文과 달랐다
Conservative	"바이든, 취임 500일 지지율 40% 꼴찌 ""최악 대통령"" 트럼프도 제쳤다"
Conservative	"李,전대출마 침묵했지만 주변선 ""대리인 세우느니 직접 심판"""
Conservative	“이준석 우크라行, 자기정치면 문제” “기차는 간다” 與 당권갈등 수면위로
Conservative	"""청사 5층 尹 임시집무실, 김건희 여사 접견실로 쓸 수도"""
Conservative	친명 “신규당원에도 투표권” 친문 “기존대로” 전대 룰 신경전
Liberal	전당대회 앞둔 민주당 혁신비대위, 과제 곳곳에 도사린 ‘계파 갈등’
Conservative	우상호 “이재명 당권 도전, 다수 의원들 걱정” 민형배 “李 가장 큰 자산”
Liberal	[여의도앨리스]대통령이 꿈인 홍준표는 왜 대구로 갔을까
Conservative	음주운전 장관, 청문회 패싱? 법사위원장 싸움에 국회 스톱
Conservative	이재명, 당선후 첫 공식석상에 계양 3 1만세운동기념탑 참배
Liberal	민주당, 이번주 내 비대위 구성하기로  친명 친문 갈등은 여전
Conservative	"""잊혀지는건 두렵지 않아"" 이낙연, 출국 하루전 띄운 시 한편"
Conservative	"도의원 된 이재명 저격수 ""발목 아닌 손목 잡는 합리적 의원될 것 ”"
Liberal	[민주당 왜 참패했나④]‘3無 공약’ 민주당, 대안도 능력도 보여주지 못했다
Liberal	윤 대통령 “북한 핵 미사일, 근본적이고 실질적 안보 능력 갖춰나갈 것”
Conservative	美 출국 앞둔 이낙연 “잊혀지는 것은 두렵지 않다” 메시지
Conservative	"""총장추천 인사위 소집 연락 없다"" 檢인사 느긋한 법무부 왜"
Conservative	카자흐 국민투표 개헌안 통과 나자르바예프 초대 대통령 권한 축소
Conservative	尹, 1년만에 약속 지킨다 천안함 생존장병 서해 유족과 9일 오찬
Liberal	정진석 “자기 정치” VS 이준석 “기차는 간다”  여권 내부 권력 투쟁 돌입
Liberal	태평양 순방 마친 중국 외교부장 “영향력 다툼이나 지정학적 쟁탈 관심 없어”
Conservative	與 “법사위장 주면 일사천리” 野 “국회의장단 선출부터” 줄다리기 여전
Liberal	정부, 소상공인 ‘저금리 대출’ 지원 폐업 채무 조정 대상 확대도
Liberal	여야, 원구성 두고 신경전 재개 박홍근 “즉각 국회의장 선출” 권성동 “법사위원장 원하면 의장 돌려달라”
Conservative	용산청사 5층 집무실, 다용도 접견실 전환 김건희 여사도 쓴다
Conservative	코로나 사망자만 쏙 빼며 방역 '자신감' 北...'근자감' 왜?
Liberal	교육부 교육감 제각각 목소리 갈 길 막막한 고교학점제
Conservative	"[단독]野비대위원장에 우상호 부상 ""계파색 옅은 현역 중진"""
Conservative	5일째 침묵한 이재명...첫 공식 일정은 3 1만세운동기념탑 참배
Liberal	북한 8발 쐈는데 “6발” 갈팡질팡 일본, 한국에 “정보 협력하자”
Conservative	우상호 “이재명 당권 도전, 다수 의원들 걱정 文때도 당 깨졌다”
Liberal	지선 끝나자 국민의힘 당권 경쟁 개막  공부모임 만들고 북콘서트 열고
Conservative	17년간 공정위 사람? 검찰 출신 공정거래위원장 반기는 까닭
Conservative	박완주 “강제추행 성희롱 사실 아냐” 피해자측 “증거로 진실 밝힐것”
Liberal	윤석열 정부, ‘집무실 옆 미군 기지’ 이전 협상  타결 땐 수천억 혈세 추가 소요
Liberal	‘윤석열 징계’ 소송 한동훈 대신 이노공 지휘 과연 다를까?
Liberal	화물연대 내일 총파업 돌입 새 정부 노동정책 시험대
Liberal	‘욕설 시위’ 윤 대통령 언급에 참모들 “우려했지만 보고 안했는데”
Conservative	경총 “정년유지형 임금피크제도 정당. 대법 판결은 예외적”
Conservative	北 SRBM 8발 쏘자, 한 미도 똑같이 SRBM 8발로 받아쳤다
Conservative	‘성비위 의혹’ 박완주 “선거 악영향에 제명 감수, 이제 진실 밝히겠다”
Conservative	"박완주, 선거 끝나자 반격 ""20년 동지 성추행? 아닌건 아니다"""
Liberal	윤 대통령 첫 현충일 추념사, 이전과 무엇이 달랐나 대화 평화 단어 빠져
Liberal	‘성비위 의혹 제명’ 박완주, 지방선거 끝나자 “어떤 고통 희생 있더라도 아닌 건 아니다” 주장
Conservative	이상민 “곪고 찌든 민주당, 맹종 팬덤 패거리 산산조각 부숴버려야”
Liberal	북한, 이번에도 전날 탄도미사일 발사 보도 안해
Conservative	박홍근 “당리당략 버리고 국회의장 선출해야” 권성동 “법사위장 주면”
Liberal	저소득층, 국민연금 절반만 가입 60%는 최소가입기간 못채워
Conservative	尹대통령 빗물 닦아준 김건희 여사 우의 입고 현충일 추념식 참석
Liberal	“경기도 남 북 나누기, 올해 주민투표”  김동연 경기도지사 당선인 첫 분도 추진
Conservative	치솟는 물가에 바닥 치는 지지율 바이든 정부, 인플레 책임론 방어 총력
Conservative	상속 이사로 일시적 다주택자 종부세 1주택 혜택 부여
Liberal	‘곤란한 사람은 다 내가 만난다’ 바이든의 해결사 CIA 국장
Liberal	권성동, ‘이준석 혁신위’에 “성급한 측면 있다” 비판
Conservative	"이준석이 띄운 혁신위 권성동 ""앞뒤 바뀌어 좀 성급했다"""
Conservative	최민호 '이해찬 동네'도 휩쓸었다...'부동산세 폭탄' 세종의 변심
Conservative	정진석 “이준석 우크라行, 자기 정치면 문제” 李 “어차피 기차는 간다”
Conservative	성일종 “100일간 약자 위한 입법 정책 추진 이준석 징계? 증거 없어”
Conservative	경총 “최근 임금피크제 대법원 판결은 이례적, 정년유지형도 정당”
Conservative	尹대통령 “제복 입은 영웅이 존경받는 나라로” 중앙보훈병원도 방문
Conservative	김기현, 與 1호 의원모임 '새미래' 이달 출범 당권 준비 시동?
Conservative	민형배 “‘이재명 책임론’ 핵심, 당대표 출마해 재건하라는 것”
Liberal	경기도의회, 10명 중 7명이 초선  2030 세대도 20명 입성
Liberal	미 국무부 2인자 방한 “외교차관 회담서 북 무력 시위 논의”
Conservative	‘자기정치 하려 우크라行’ 비판에 이준석 “어차피 기차는 간다” 응수
Conservative	‘김건희씨’ 표현 김어준 “씨는 높임말 원하는 대로 불러주마”
Conservative	尹 대통령 “영웅들 희생, 유족들 눈물로 남게 하지 않겠다” [추념사 전문]
Conservative	인천항만공사, 화물연대 파업 대비 비상 대책회의 열어
Liberal	정진석, 이준석 공개 저격  여권 내부 권력 쟁탈전 시작?
Conservative	"이준석 우크라행 때린 정진석 ""자기 정치라면 보통 문제 아냐"""
Liberal	윤 대통령 “북한의 어떠한 도발에도 단호하게 대처”
Conservative	尹대통령 “北도발 엄정 대처 실질적 안보능력 갖추겠다”
Liberal	윤 대통령, 현충일 추념사 “북 도발 엄정 대처  근본적 안보능력 갖춰나갈 것”
Conservative	尹대통령 “공산세력 침략 北 어떤 도발에도 단호 대처”
Conservative	"[속보] 尹 ""北도발 엄정 대처 실질적 안보능력 갖추겠다"" [현충일 추념사 전문]"
Conservative	정진석 “이준석, 정부 반대에도 우크라行 고집 자기정치라면 심각”
Conservative	北 8발 도발 다음날 한미, 지대지미사일 ‘8발’ 응수[청계천 옆 사진관]
Conservative	고민정 “이재명 비판? 문맥파악 못하나” 김용태 “적반하장 당황”
Conservative	"김어준 ""'김건희씨' 호칭 본인이 원했다 뭐가 인권침해인가"""
Conservative	민형배 “패배 원인 검수완박에 씌우는 건 옳지 않아, 복당할것”
Liberal	"""금강 영산강 보 처리방안 조속 이행하라”  84개 환경단체, 7일 정부에 촉구한다"
Conservative	우크라 찾은 이준석 키이우 주지사 “도시복원 위한 협력 논의”
Conservative	“순간이동 할 수도 없고 ” 러 외무, 주변국 영공 폐쇄로 세르비아 일정 취소
Liberal	“공천 불안심리 탓에 계파 갈등 격화” ‘명낙대전’ 다시 불거지나
Liberal	한 미, 지대지미사일 8발 새벽 발사 전날 북 미사일 8발 대응 사격
Liberal	한미, 북 미사일 8발에 지대지미사일 8발 대응사격
Conservative	"우크라 찾은 이준석 키이우 주지사 ""국민의힘 대표단 감사"""
Conservative	[포토타임]“싹 쓸어버리고 있다” 범죄도시2 천만 관객 '초읽기'
Liberal	한-미, 오늘 새벽 ‘북한 미사일 8발 발사’에 8발로 대응 사격
Liberal	‘강성지지층’ 방패삼아 반성 성찰 차단 ‘민심’은 그렇게 떠났다
Liberal	‘이해충돌’ 한껏 비판하던 국회, “의원 개인 이해관계 정보는 ‘비공개’”
Liberal	푸틴, ‘장거리무기 우크라 지원’에 경고 키이우 40일 만에 공격
Conservative	한미, 지대지미사일 8발 발사 北미사일 8발에 맞대응
Conservative	한미, 지대지 미사일 8발 동해 발사 北미사일 8발에 맞대응
Conservative	"고민정 ""李 비판? 문맥파악 못하나"" 김용태 ""적반하장 당황"""
Liberal	“‘졌잘싸’ 외칠때 민심 멀어졌다” 의원들이 꼽은 민심이반 대목들
Liberal	“얼마나 더 망해야 절박해지나” 민주당에 아직 ‘최악’은 오지 않았다
Conservative	한미, 지대지미사일 8발 쐈다 北 미사일 8발에 맞대응
Conservative	[7NEWS] 미사일 발사에 달라진 대북대응
Conservative	북한, 하루 신규 발열자 6만6000여명 '사망자 수'는 언급 없어
Conservative	'견미리 딸'과 열애에 팬 트럭시위 이승기, 1년 침묵한 이유
Liberal	[단독]대통령 집무실 바로 옆에 새 미군 기지 들어선다
Conservative	[단독] 前 민변 회장, 충북동지회 변호인단 합류 재판 미뤄졌다
Conservative	[단독} 尹, 9일 천안함 생존 장병 유족 20명 초청해 오찬
Conservative	"[단독]尹 ""양산사저 시위 자제했으면"" 참모들에 우려 전했다"
Conservative	[단독] “한나라당 지지자냐” 軍진상위원장, 천안함 재조사 실무자 압박했다
Conservative	떠나는 이낙연, 몸푸는 박지원 두 남자 나란히 꺼낸 'DJ 문구'
Conservative	‘워터게이트 특종’ 기자들 “트럼프, 닉슨 제치고 부패 전형으로 등극”
Conservative	[사설] 野 과반 국회, ‘빠’에 휘둘리면 2년 후 서울시의회처럼 뒤집힌다
Conservative	[강경희 칼럼] 개보수 정권 말고 새 보수 정권
Conservative	여성 시 도 의원 115명 4년 전보다 17명 늘어
Conservative	혁신 비대위원장에 문희상 유인태 이상민 거론
Conservative	“원전 방산 IT 창원에 모아, 中선전 같은 도시로 키울 것”
Conservative	우크라 간 이준석, 젤렌스키 만난다
Conservative	이재명 책임론에 처럼회 의원들 “李 죽이기, 선거前부터 기획된 것”
Conservative	美핵항모 마라도함 함께 떴다 4년 7개월만에 연합 해상훈련
Conservative	화물연대 내일 파업 尹정부 “불법땐 무관용”, 文정부와 다른 대응
Conservative	“김정은 남벌 노려 核위협에 美참전 못할수도”
Conservative	野 참패에도 비운동권 중도 전문가는 살아남았다
Conservative	국회 원구성 못해 1주일째 개점휴업 여권 “장관 先임명 後청문” 목소리
Conservative	대통령실 6명, 장 차관 6명 검찰 출신 약진
Conservative	北 무기밀매 다큐 배우 “스커드 5발 1400만달러 北이 무기 메뉴판 보여줬다”
Conservative	미사일엔 미사일, 규탄 대북대응 달라졌다
Conservative	해상풍력 무예올림픽 쓰레기매립지 “모두 바꾸겠다”
Conservative	러, 38일만에 우크라 수도 미사일 공격 재개
Conservative	[광화문에서/황형준]공수처와 특별감찰관실, 일원화 검토해야 한다
Conservative	[오늘과 내일/김희균]교육감 직선제의 득과 실
Conservative	[천광암 칼럼]윤 대통령이 잊지 말아야 할 ‘허니문 선거’의 법칙
Conservative	“文정부 국민연금 개편 시도는 국민 호도하고 끝낸 사기극”
Conservative	北, 한미훈련 다음날 SRBM 8발 무더기 발사
Conservative	尹 “北, 9일에 한번꼴 도발 안보태세 시험이자 도전”
Conservative	北, 南 8곳 동시 핵타격력 과시 “핵실험 앞서 한미 간보기 도발”
Conservative	우크라 방문한 이준석 “현지 NGO, 한국 지원 기대”
Conservative	WHO “北서 코로나 변이 바이러스 문의”
Conservative	尹, 나토회의 참석 유력 日총리와 회담 가능성
Conservative	美 “中-러 군사위협에 亞-유럽 공동대응” 5년만에 안보전략 수정
Conservative	민주 전당대회, 차기 당대표 하마평만 10명
Liberal	[우석훈의 경제수다방] 정의당의 재창당을 위하여
Conservative	민주 내홍에 지도부 공백 인사청문회 사실상 스톱
Liberal	[NGO 발언대] 개발사업, 정치권 아닌 전문기구 설립해 추진해야
Conservative	친문 “대선-지선 패배 원인 밝혀야” vs 친명 “文정부-당에도 책임”
Conservative	교총출신 8명 〉전교조 6명 ‘학력 신장’ 정책 강화 예고
Conservative	“집처럼 느끼게” BTS에 ‘버터’ 노래 틀어준 바이든
Conservative	청남대 전두환 동상, 이번엔 가시철조망에 휘감겨
Conservative	[남성욱의 한반도 워치] ‘코로나 대동란’에 도발 수위 올린 北, 미사일로 방역 실패 가리기
Liberal	[정동칼럼] 추방된 자의 귀환 권력과 협치
Liberal	[미디어세상] 진보 정치의 품성과 솜씨
Conservative	[데스크에서] 교육감 선거 손볼 때 됐다
Conservative	[기고] 한 미 과학기술 동맹, 우리가 주도할 수 있다
Liberal	[아침을 열며] 검찰공화국과 검사들의 전성시대
Conservative	최재형 묘지도 사기당한 정부...유족측 尹에 보낸 울분의 편지 [장세정의 시선]
Conservative	[사설] 이젠 경제다, 정치권도 힘 모아야
Conservative	[사설] 검사 편중 인사 탈피하고 인재풀 널리 확장하길
Conservative	러시아군, 38일 만에 키이우 미사일 공격
Conservative	중도 확장 고삐죄는 국민의힘 “극단주의에 치우치면 당 앞날 없다”
Conservative	오세훈은 서울시정에 집중 안철수는 초선과 연쇄 점심
Conservative	침묵하는 이재명 친명 친문은 벌써 전당대회 싸움 돌입
Conservative	[사진] 윤 대통령 NSC 참석
Conservative	[view] 한 미 항모연합훈련 하자 북한, 탄도미사일 8발 쐈다
Conservative	공관 OUT 시 도지사 당선인들 잇단 폐지 약속
Conservative	"""찍히지 않게 조심해라"" 위안부 피해 할머니 이용하는 그들 [김재련이 고발한다]"
Conservative	[사설]北 4곳서 미사일 8발 도발 ‘김정은 벙커’ 정조준 직면할 것
Conservative	[사설]국정원 총리실 공정위까지 檢檢檢 이런 인사 언제까지
Conservative	이재명 당대표 만들기 돌입? 친명계 일제히 “전대 룰 바꾸자”
Conservative	北, 35분간 미사일 ‘소나기 발사’ 4종 섞어 8발 쐈다
Conservative	박순애 교육장관 후보자, 2001년 만취 운전 “변명 여지 없어”
Liberal	혁신위 띄우고, 우크라 찾고 ‘존재감 키우기’ 바쁜 이준석
Liberal	‘김동연이 달라졌어요’
Liberal	‘계파 해체’ 이낙연, 7일 미국행 차기 대선 겨냥 ‘숨 고르기’
Liberal	윤 대통령, 나토 정상회의 첫 순방 유력 한 일 정상 만나나
Liberal	비대위 역할서 전대 룰까지 계파 충돌 민주당 ‘첩첩산중’
Liberal	북, 평양 등 4곳서 탄도미사일 8발 발사 한 미 훈련 ‘맞대응’
Conservative	"민주당 ""尹정부, 북한을 대화장으로 이끌 해법 제시하라"""
Conservative	고민정 “이재명 비판? 언론의 제목장사” 김용태 “적반하장”
Liberal	[사설] 인사청문 대상 줄줄이 대기 중인데, 국회 공백 방치할 텐가
Liberal	북한 미사일 잇따라 쏘자...미국-일본, 연이은 ‘대응 훈련’
Conservative	35세 천하람 與 ‘1호 혁신위원’에 “최재형이 도움 요청”
Conservative	‘친문’ 전해철 “이재명이 선거에 악영향 줘 당대표 출마 부적절”
Conservative	전교조보다 많아진 교총 출신 교육감 교육정책 어떻게 달라지나
Conservative	여야, 한목소리로 北도발 규탄 “위협으론 아무것도 못 얻어”
Liberal	“사형 선고에도 노래하던 ‘광주내란 수괴’ 그 웃음 영원하소서”
Conservative	윤 대통령, 8일 김창기 국세청장 후보자 청문보고서 재송부 요청키로
Conservative	美싱크탱크 “北, 코로나로 정권붕괴 가능성 통일 대비 계획 세워야”
Conservative	美, ‘죽음의 백조’ 전폭기 4대 괌 배치 2시간내 한반도 작전 가능
Liberal	청년들의 어깨동무
Liberal	[김산하의 청개구리] 자연파괴 공약 남발을 멈춰라
Liberal	[사설] 방치할 수 없는 국회 공백, 여야 합의정신 돌아가야
Conservative	"美, 北 미사일 8발 발사에 ""유엔결의 위반 규탄 평화 안보 훼손"""
Conservative	청남대 전두환 동상 또 수난 가시철선 설치 소동
Liberal	[사설] 부인 변호인까지, 윤 대통령의 끝모를 ‘측근 검사 인사’
Liberal	러시아, 전략폭격기로 키이우에 미사일 발사 미국 향한 경고?
Liberal	총파업 예고한 화물연대, ‘안전운임제’ 뭐길래 정부 “불법행위 땐 엄정조치”
Liberal	대선 지방선거 연승 국민의힘  '일자리 시장' 훈풍
Conservative	'친명 대 친문' 내전 뚝 끊겼다 이재명의 침묵 노림수는
Conservative	‘태극기 결별’이냐 ‘보수 분열’이냐 “민주당 극단주의” 비판하는 국민의힘 속내
Liberal	[민주당은 왜 참패했나③]오만 무반성 무의제에 등 돌린 유권자 “차마 내 손으로 못 찍겠다”
Conservative	"날개 단 여당 잠룡 셋 ""尹 후계자 누구냐"" 벌써 말 나온다"
Conservative	韓총리, 화물연대 운송거부 예고에 “불법행위 엄정조치”
Conservative	2011년 농협 해킹 전말 그뒤엔 韓해커 손잡은 北거물 리호남 [사건추적]
Conservative	尹대통령, ‘실신’ 안철수에 전화 安 “괜찮다고 안심시켜 드렸다”
Conservative	文 사저시위에 野 “시위꾼 돈 못 벌게 해야”
Conservative	선거 이기고 우크라이나 방문한 이준석 배경놓고 설왕설래
Liberal	이번엔 평양 함흥서 SRBM ‘동시 다발’ 쐈다, 2차 타격 과시?
Conservative	"""'너 죽고 나 살자' 하면 3연패뿐"" 민주당 내홍 꼬집은 박지원"
Conservative	막 오른 민주 전대 ‘내부 격돌’ 당권주자 하마평만 10명
Liberal	'야권 잠룡' 주목받은 김동연, 당에 작심 쓴소리 '포스트 이재명' 될까?
Liberal	중국 ‘신중’ 계산 - 대만 ‘비대칭 전력’ 강화 - 미국 ‘무력개입’ 신호
Conservative	민주당 집안싸움에 원구성 협상 표류 청문회도 ‘패싱’ 가능성
Liberal	안철수 “혁신에 공천만 있는 것 아냐 사회적 약자 품는 당 돼야”
Liberal	회계조작 재판 중인데 삼성 준감위원장까지 ‘이재용 사면’ 꺼냈다
Liberal	윤 대통령 ‘카풀 인연’부터 ‘밥 총무’까지 인사에 검 검 검
Conservative	안철수 “당권 도전? 국민의힘 지지기반부터 넓혀야”
Liberal	윤 대통령 “북한, 9일에 한번 꼴 미사일 도발 한미 확장억제력 강화하라”
Liberal	나토 정상회의에서 한일 정상회담 가능성
Conservative	尹, 北도발에 봉사활동 취소 53분 만에 대통령실로 출근
Liberal	국회 공백 일주일째 역대급 지각 국회 오명 쓰나
Conservative	남성 219명 대 여성 7명, 시장 군수 당선인 '남성 천하'
Conservative	BTS 만난 자리서 ‘버터’ 틀며 분위기 띄운 바이든 “여러분 하는 일이 큰 변화 만들어”
Conservative	"국민의힘 ""北 무력시위, 제재 초래할 뿐 대화 협력의 길로 나와야"""
Liberal	[단독]아파트값 높은 동네일수록 보수 정당에 투표했다...아파트값 100만원당 보수정당 1.7% 더 득표
Liberal	박순애 교육장관 후보자, 2001년 만취 운전하고도 ‘선고 유예’
Conservative	우크라 찾은 이준석 “현지서 한국사회 많은 지원 바라고 있어”
Conservative	한 미 핵항모 훈련 끝나자마자, 김정은 8발 쐈다 발사 수 최대
Liberal	"미국 가는 이낙연, DJ 묘소 참배 후 ""인생은 아름답고, 역사는 발전"""
Liberal	노무현, 문재인, 김대중 만나고 미국행 이낙연의 향후 행보는
Conservative	尹, 北 도발에 김건희여사와 봉사활동 취소... 용산 집무실로 출근
Liberal	선거 이기고 더 바빠진 이준석, 왜?
Conservative	친명 “당이 지금 할 일은 이재명 지키기 대장동 억지수사 막자”
Conservative	"윤 대통령 '환경의 날' 맞아 ""온실가스 감축 정책 다각도 추진"""
Conservative	北 '35분간 8발' 역대급 도발 그 뒤엔 중 러 '나쁜 교훈' 있었다
Conservative	박지원, 연일 민주당 비판 “빈대 잡으려다 초가삼간 태워”
Liberal	‘세월호 침물 원인’ 최종보고서 채택 문제로 내홍 겪는 사참위
Liberal	[유레카] 대통령의 ‘도어스테핑’ / 강희철
Conservative	[단독]최재형 직접 SOS 쳤다 '1호 혁신위원' 35세 천하람 누구
Liberal	6 1 지방선거 승리 신임 시 도지사는 '인수위' 구성 분주  재선 단체장은 바로 '업무 복귀'
Liberal	'혁신 비대위' 합의한 민주당, 위원장 인선부터 8월 전당대회까지 첩첩산중
Conservative	“김정은 남벌 야망, 꿈 아닌 현실...핵공격 위협에 美 참전 주저할 수도” [송의달 LIVE]
Conservative	윤희숙 “文, 본인 피해엔 냉큼 고소 노조 시위에도 같은 목소리 내라”
Conservative	전두환 동상 또 수난 가시철선 감고 기념촬영한 5 18단체
Liberal	김승희 ‘어부지리 장관’ 되나 인사청문회 무산 가능성
Liberal	[아침햇발] 민주당의 해방일지 제1장 / 손원제
Liberal	북한 미사일 발사에  한 미 일 북핵수석대표, 성 김 대표 출국 전 '긴급협의'
Liberal	충북 시민단체, 청남대 전두환 동상에 가시철조망 설치
Liberal	마크롱 “러시아에 굴욕감 줘선 안돼” 우크라 “그런 말이 굴욕” 발끈
Conservative	우크라 간 이준석 “한국사회 많은 지원 바라고 있어”
Conservative	"北 미사일 무더기 발사에 한 미 북핵대표 긴급회동 ""강력 규탄"""
Conservative	박지원 “민주당, 빈대 잡으려다 초가삼간 태워 3연패 기다릴뿐”
Conservative	[부고]이옥섭(조병준 전 AD본부 기획위원 장모상)
Conservative	성김, 출국 전 예정에 없던 한미 북핵대표 긴급회동
Liberal	윤 대통령 “북, 9일에 한 번꼴로 발사 한 미 확장억제 강화” 지시
Liberal	바이든, BTS 물개박수 치게 한 두마디 4분51초 영상 공개
Conservative	“北미사일 8발, 평양순안 개천 평북 동창 함흥서 발사”
Conservative	尹대통령 “대비태세 확고히 유지” 지시 합참, 北도발 강력 규탄
Conservative	"尹 ""北, 9일에 한번꼴 도발 한미 연합방위태세 강화하라"""
Liberal	바이든, 다음달 사우디 방문 가능성
Conservative	尹 “北 올해만 9일에 한번꼴 도발... 한미 연합방위태세 강화”
Conservative	美 ‘죽음의 백조’ B-1B 4대 괌에 전진배치 北 핵실험 대비하나
Liberal	북, 코로나 누적 유증상자 400만명 전체 인구의 16%
Conservative	"미국행 앞두고 DJ묘소 간 이낙연 ""인생은 아름답고 역사는 발전한다"""
Conservative	"국민의힘 ""올해 18번째 北 무력도발 한반도 안보 위협에 엄정 대응"""
Liberal	역대 첫 ‘인사청문회 패싱’ 국세청장 취임하나
Liberal	충청권 광역단체장 당선인 인수위 구성 '속도'
Conservative	미국 가는 이낙연, DJ묘소서 “인생은 아름답고 역사는 발전한다”
Conservative	레이건 항모 마라도함 함께 떴다 北 겨눈 韓美훈련, 오키나와서 한 이유
Liberal	기시다, NATO 정상회의 참석할 듯 한 일 정상회담도 주목
Liberal	한동훈 장관, 교정직 처우 개선 착수 ‘이민청 설치’도 검토
Conservative	[포토타임]北,탄도 미사일 발사. 윤 대통령 NSC소집
Conservative	금배지 달고도 웃지 못한 이재명, 단숨에 야권 잠룡 된 김동연 일주일사진정리
Conservative	“집처럼 편안하게 해줄게” 바이든, BTS에 직접 ‘버터’ 틀어줬다
Liberal	북, 탄도미사일 8발 발사 안보실장 주재 NSC 상임위 소집
Conservative	尹, 김건희 여사와 봉사활동 취소 北도발에 청사 출근
Conservative	안보실장 주재 NSC 상임위 소집 尹대통령도 용산청사 출근
Conservative	김포공항 사라지면 주택 20만 채 지을 수 있을까[이원주의 날飛]
Conservative	"""내집처럼 생각하라"" 백악관서 BTS에 BTS 노래 들려준 바이든"
Liberal	7차 핵실험 가능성 북한의 속내는
Liberal	유정복, 송도에 사무실 꾸리고 인수위원장 임명  인천시정 인수 본격화
Liberal	북, 동해상으로 탄도미사일 8발 윤 정부 들어 세번째 무력시위
Conservative	韓美 항모훈련 끝난 다음날 北, 동해로 탄도미사일 8발 쐈다
Conservative	[속보] 합참 “북, 동해상으로 미상 탄도미사일 발사”
Liberal	"합참 ""북, 단거리 탄도미사일 '8발' 발사""  한미 항모훈련 반발"
Conservative	"[속보] 한미훈련 다음날 ""北, 동해로 SRBM 8발 발사"""
Conservative	'유퀴즈' 그 변호사 아니야? 제주서 생존한 74년생 野스펙남
Liberal	먼저 치고나간 홍준표 안철수 오세훈, 차기 대선 풍향계는
Liberal	한 미 ‘비대칭 동맹’이 불러올 미래
Conservative	정청래 “10년전에도 ‘文은퇴론’ 나왔다 이재명 흔들기 안돼”
Conservative	"매일 수천명 ""자리 있나요?"" 대통령실 직원들 '식사 전쟁'"
Conservative	박지원, 7일 文 사저 봉하마을 방문 민주당 복당 행보 나서나